Date,vix
2010-01-04,20.04
2010-01-05,19.35
2010-01-06,19.16
2010-01-07,19.06
2010-01-08,18.13
2010-01-11,17.55
2010-01-12,18.25
2010-01-13,17.85
2010-01-14,17.63
2010-01-15,17.91
2010-01-19,17.58
2010-01-20,18.68
2010-01-21,22.27
2010-01-22,27.31
2010-01-25,25.41
2010-01-26,24.55
2010-01-27,23.14
2010-01-28,23.73
2010-01-29,24.62
2010-02-01,22.59
2010-02-02,21.48
2010-02-03,21.60
2010-02-04,26.08
2010-02-05,26.11
2010-02-08,26.51
2010-02-09,26.00
2010-02-10,25.40
2010-02-11,23.96
2010-02-12,22.73
2010-02-16,22.25
2010-02-17,21.72
2010-02-18,20.63
2010-02-19,20.02
2010-02-22,19.94
2010-02-23,21.37
2010-02-24,20.27
2010-02-25,20.10
2010-02-26,19.50
2010-03-01,19.26
2010-03-02,19.06
2010-03-03,18.83
2010-03-04,18.72
2010-03-05,17.42
2010-03-08,17.79
2010-03-09,17.92
2010-03-10,18.57
2010-03-11,18.06
2010-03-12,17.58
2010-03-15,18.00
2010-03-16,17.69
2010-03-17,16.91
2010-03-18,16.62
2010-03-19,16.97
2010-03-22,16.87
2010-03-23,16.35
2010-03-24,17.55
2010-03-25,18.40
2010-03-26,17.77
2010-03-29,17.59
2010-03-30,17.13
2010-03-31,17.59
2010-04-01,17.47
2010-04-05,17.02
2010-04-06,16.23
2010-04-07,16.62
2010-04-08,16.48
2010-04-09,16.14
2010-04-12,15.58
2010-04-13,16.20
2010-04-14,15.59
2010-04-15,15.89
2010-04-16,18.36
2010-04-19,17.34
2010-04-20,15.73
2010-04-21,16.32
2010-04-22,16.47
2010-04-23,16.62
2010-04-26,17.47
2010-04-27,22.81
2010-04-28,21.08
2010-04-29,18.44
2010-04-30,22.05
2010-05-03,20.19
2010-05-04,23.84
2010-05-05,24.91
2010-05-06,32.80
2010-05-07,40.95
2010-05-10,28.84
2010-05-11,28.32
2010-05-12,25.52
2010-05-13,26.68
2010-05-14,31.24
2010-05-17,30.84
2010-05-18,33.55
2010-05-19,35.32
2010-05-20,45.79
2010-05-21,40.10
2010-05-24,38.32
2010-05-25,34.61
2010-05-26,35.02
2010-05-27,29.68
2010-05-28,32.07
2010-06-01,35.54
2010-06-02,30.17
2010-06-03,29.46
2010-06-04,35.48
2010-06-07,36.57
2010-06-08,33.70
2010-06-09,33.73
2010-06-10,30.57
2010-06-11,28.79
2010-06-14,28.58
2010-06-15,25.87
2010-06-16,25.92
2010-06-17,25.05
2010-06-18,23.95
2010-06-21,24.88
2010-06-22,27.05
2010-06-23,26.91
2010-06-24,29.74
2010-06-25,28.53
2010-06-28,29.00
2010-06-29,34.13
2010-06-30,34.54
2010-07-01,32.86
2010-07-02,30.12
2010-07-06,29.65
2010-07-07,26.84
2010-07-08,25.71
2010-07-09,24.98
2010-07-12,24.43
2010-07-13,24.56
2010-07-14,24.89
2010-07-15,25.14
2010-07-16,26.25
2010-07-19,25.97
2010-07-20,23.93
2010-07-21,25.64
2010-07-22,24.63
2010-07-23,23.47
2010-07-26,22.73
2010-07-27,23.19
2010-07-28,24.25
2010-07-29,24.13
2010-07-30,23.50
2010-08-02,22.01
2010-08-03,22.63
2010-08-04,22.21
2010-08-05,22.10
2010-08-06,21.74
2010-08-09,22.14
2010-08-10,22.37
2010-08-11,25.39
2010-08-12,25.73
2010-08-13,26.24
2010-08-16,26.10
2010-08-17,24.33
2010-08-18,24.59
2010-08-19,26.44
2010-08-20,25.49
2010-08-23,25.66
2010-08-24,27.46
2010-08-25,26.70
2010-08-26,27.37
2010-08-27,24.45
2010-08-30,27.21
2010-08-31,26.05
2010-09-01,23.89
2010-09-02,23.19
2010-09-03,21.31
2010-09-07,23.80
2010-09-08,23.25
2010-09-09,22.81
2010-09-10,21.99
2010-09-13,21.21
2010-09-14,21.56
2010-09-15,22.10
2010-09-16,21.72
2010-09-17,22.01
2010-09-20,21.50
2010-09-21,22.35
2010-09-22,22.51
2010-09-23,23.87
2010-09-24,21.71
2010-09-27,22.54
2010-09-28,22.60
2010-09-29,23.25
2010-09-30,23.70
2010-10-01,22.50
2010-10-04,23.53
2010-10-05,21.76
2010-10-06,21.49
2010-10-07,21.56
2010-10-08,20.71
2010-10-11,18.96
2010-10-12,18.93
2010-10-13,19.07
2010-10-14,19.88
2010-10-15,19.03
2010-10-18,19.09
2010-10-19,20.63
2010-10-20,19.79
2010-10-21,19.27
2010-10-22,18.78
2010-10-25,19.85
2010-10-26,20.22
2010-10-27,20.71
2010-10-28,20.88
2010-10-29,21.20
2010-11-01,21.83
2010-11-02,21.57
2010-11-03,19.56
2010-11-04,18.52
2010-11-05,18.26
2010-11-08,18.29
2010-11-09,19.08
2010-11-10,18.47
2010-11-11,18.64
2010-11-12,20.61
2010-11-15,20.20
2010-11-16,22.58
2010-11-17,21.76
2010-11-18,18.75
2010-11-19,18.04
2010-11-22,18.37
2010-11-23,20.63
2010-11-24,19.56
2010-11-26,22.22
2010-11-29,21.53
2010-11-30,23.54
2010-12-01,21.36
2010-12-02,19.39
2010-12-03,18.01
2010-12-06,18.02
2010-12-07,17.99
2010-12-08,17.74
2010-12-09,17.25
2010-12-10,17.61
2010-12-13,17.55
2010-12-14,17.61
2010-12-15,17.94
2010-12-16,17.39
2010-12-17,16.11
2010-12-20,16.41
2010-12-21,16.49
2010-12-22,15.45
2010-12-23,16.47
2010-12-27,17.67
2010-12-28,17.52
2010-12-29,17.28
2010-12-30,17.52
2010-12-31,17.75
2011-01-03,17.61
2011-01-04,17.38
2011-01-05,17.02
2011-01-06,17.40
2011-01-07,17.14
2011-01-10,17.54
2011-01-11,16.89
2011-01-12,16.24
2011-01-13,16.39
2011-01-14,15.46
2011-01-18,15.87
2011-01-19,17.31
2011-01-20,17.99
2011-01-21,18.47
2011-01-24,17.65
2011-01-25,17.59
2011-01-26,16.64
2011-01-27,16.15
2011-01-28,20.04
2011-01-31,19.53
2011-02-01,17.63
2011-02-02,17.30
2011-02-03,16.69
2011-02-04,15.93
2011-02-07,16.28
2011-02-08,15.81
2011-02-09,15.87
2011-02-10,16.09
2011-02-11,15.69
2011-02-14,15.95
2011-02-15,16.37
2011-02-16,16.72
2011-02-17,16.59
2011-02-18,16.43
2011-02-22,20.80
2011-02-23,22.13
2011-02-24,21.32
2011-02-25,19.22
2011-02-28,18.35
2011-03-01,21.01
2011-03-02,20.70
2011-03-03,18.60
2011-03-04,19.06
2011-03-07,20.66
2011-03-08,19.82
2011-03-09,20.22
2011-03-10,21.88
2011-03-11,20.08
2011-03-14,21.13
2011-03-15,24.32
2011-03-16,29.40
2011-03-17,26.37
2011-03-18,24.44
2011-03-21,20.61
2011-03-22,20.21
2011-03-23,19.17
2011-03-24,18.00
2011-03-25,17.91
2011-03-28,19.44
2011-03-29,18.16
2011-03-30,17.71
2011-03-31,17.74
2011-04-01,17.40
2011-04-04,17.50
2011-04-05,17.25
2011-04-06,16.90
2011-04-07,17.11
2011-04-08,17.87
2011-04-11,16.59
2011-04-12,17.09
2011-04-13,16.92
2011-04-14,16.27
2011-04-15,15.32
2011-04-18,16.96
2011-04-19,15.83
2011-04-20,15.07
2011-04-21,14.69
2011-04-25,15.77
2011-04-26,15.62
2011-04-27,15.35
2011-04-28,14.62
2011-04-29,14.75
2011-05-02,15.99
2011-05-03,16.70
2011-05-04,17.08
2011-05-05,18.20
2011-05-06,18.40
2011-05-09,17.16
2011-05-10,15.91
2011-05-11,16.95
2011-05-12,16.03
2011-05-13,17.07
2011-05-16,18.24
2011-05-17,17.55
2011-05-18,16.23
2011-05-19,15.52
2011-05-20,17.43
2011-05-23,18.27
2011-05-24,17.82
2011-05-25,17.07
2011-05-26,16.09
2011-05-27,15.98
2011-05-31,15.45
2011-06-01,18.30
2011-06-02,18.09
2011-06-03,17.95
2011-06-06,18.49
2011-06-07,18.07
2011-06-08,18.79
2011-06-09,17.77
2011-06-10,18.86
2011-06-13,19.61
2011-06-14,18.26
2011-06-15,21.32
2011-06-16,22.73
2011-06-17,21.85
2011-06-20,19.99
2011-06-21,18.86
2011-06-22,18.52
2011-06-23,19.29
2011-06-24,21.10
2011-06-27,20.56
2011-06-28,19.17
2011-06-29,17.27
2011-06-30,16.52
2011-07-01,15.87
2011-07-05,16.06
2011-07-06,16.34
2011-07-07,15.95
2011-07-08,15.95
2011-07-11,18.39
2011-07-12,19.87
2011-07-13,19.91
2011-07-14,20.80
2011-07-15,19.53
2011-07-18,20.95
2011-07-19,19.21
2011-07-20,19.09
2011-07-21,17.56
2011-07-22,17.52
2011-07-25,19.35
2011-07-26,20.23
2011-07-27,22.98
2011-07-28,23.74
2011-07-29,25.25
2011-08-01,23.66
2011-08-02,24.79
2011-08-03,23.38
2011-08-04,31.66
2011-08-05,32.00
2011-08-08,48.00
2011-08-09,35.06
2011-08-10,42.99
2011-08-11,39.00
2011-08-12,36.36
2011-08-15,31.87
2011-08-16,32.85
2011-08-17,31.58
2011-08-18,42.67
2011-08-19,43.05
2011-08-22,42.44
2011-08-23,36.27
2011-08-24,35.90
2011-08-25,39.76
2011-08-26,35.59
2011-08-29,32.28
2011-08-30,32.89
2011-08-31,31.62
2011-09-01,31.82
2011-09-02,33.92
2011-09-06,37.00
2011-09-07,33.38
2011-09-08,34.32
2011-09-09,38.52
2011-09-12,38.59
2011-09-13,36.91
2011-09-14,34.60
2011-09-15,31.97
2011-09-16,30.98
2011-09-19,32.73
2011-09-20,32.86
2011-09-21,37.32
2011-09-22,41.35
2011-09-23,41.25
2011-09-26,39.02
2011-09-27,37.71
2011-09-28,41.08
2011-09-29,38.84
2011-09-30,42.96
2011-10-03,45.45
2011-10-04,40.82
2011-10-05,37.81
2011-10-06,36.27
2011-10-07,36.20
2011-10-10,33.02
2011-10-11,32.86
2011-10-12,31.26
2011-10-13,30.70
2011-10-14,28.24
2011-10-17,33.39
2011-10-18,31.56
2011-10-19,34.44
2011-10-20,34.78
2011-10-21,31.32
2011-10-24,29.26
2011-10-25,32.22
2011-10-26,29.86
2011-10-27,25.46
2011-10-28,24.53
2011-10-31,29.96
2011-11-01,34.77
2011-11-02,32.74
2011-11-03,30.50
2011-11-04,30.16
2011-11-07,29.85
2011-11-08,27.48
2011-11-09,36.16
2011-11-10,32.81
2011-11-11,30.04
2011-11-14,31.13
2011-11-15,31.22
2011-11-16,33.51
2011-11-17,34.51
2011-11-18,32.00
2011-11-21,32.91
2011-11-22,31.97
2011-11-23,33.98
2011-11-25,34.47
2011-11-28,32.13
2011-11-29,30.64
2011-11-30,27.80
2011-12-01,27.41
2011-12-02,27.52
2011-12-05,27.84
2011-12-06,28.13
2011-12-07,28.67
2011-12-08,30.59
2011-12-09,26.38
2011-12-12,25.67
2011-12-13,25.41
2011-12-14,26.04
2011-12-15,25.11
2011-12-16,24.29
2011-12-19,24.92
2011-12-20,23.22
2011-12-21,21.43
2011-12-22,21.16
2011-12-23,20.73
2011-12-27,21.91
2011-12-28,23.52
2011-12-29,22.65
2011-12-30,23.40
2012-01-03,22.97
2012-01-04,22.22
2012-01-05,21.48
2012-01-06,20.63
2012-01-09,21.07
2012-01-10,20.69
2012-01-11,21.05
2012-01-12,20.47
2012-01-13,20.91
2012-01-17,22.20
2012-01-18,20.89
2012-01-19,19.87
2012-01-20,18.28
2012-01-23,18.67
2012-01-24,18.91
2012-01-25,18.31
2012-01-26,18.57
2012-01-27,18.53
2012-01-30,19.40
2012-01-31,19.44
2012-02-01,18.55
2012-02-02,17.98
2012-02-03,17.10
2012-02-06,17.76
2012-02-07,17.65
2012-02-08,18.16
2012-02-09,18.63
2012-02-10,20.79
2012-02-13,19.04
2012-02-14,19.54
2012-02-15,21.14
2012-02-16,19.22
2012-02-17,17.78
2012-02-21,18.19
2012-02-22,18.19
2012-02-23,16.80
2012-02-24,17.31
2012-02-27,18.19
2012-02-28,17.96
2012-02-29,18.43
2012-03-01,17.26
2012-03-02,17.29
2012-03-05,18.05
2012-03-06,20.87
2012-03-07,19.07
2012-03-08,17.95
2012-03-09,17.11
2012-03-12,15.64
2012-03-13,14.80
2012-03-14,15.31
2012-03-15,15.42
2012-03-16,14.47
2012-03-19,15.04
2012-03-20,15.58
2012-03-21,15.13
2012-03-22,15.57
2012-03-23,14.82
2012-03-26,14.26
2012-03-27,15.59
2012-03-28,15.47
2012-03-29,15.48
2012-03-30,15.50
2012-04-02,15.64
2012-04-03,15.66
2012-04-04,16.44
2012-04-05,16.70
2012-04-09,18.81
2012-04-10,20.39
2012-04-11,20.02
2012-04-12,17.20
2012-04-13,19.55
2012-04-16,19.55
2012-04-17,18.46
2012-04-18,18.64
2012-04-19,18.36
2012-04-20,17.44
2012-04-23,18.97
2012-04-24,18.10
2012-04-25,16.82
2012-04-26,16.24
2012-04-27,16.32
2012-04-30,17.15
2012-05-01,16.60
2012-05-02,16.88
2012-05-03,17.56
2012-05-04,19.16
2012-05-07,18.94
2012-05-08,19.05
2012-05-09,20.08
2012-05-10,18.83
2012-05-11,19.89
2012-05-14,21.87
2012-05-15,21.97
2012-05-16,22.27
2012-05-17,24.49
2012-05-18,25.10
2012-05-21,22.01
2012-05-22,22.48
2012-05-23,22.33
2012-05-24,21.54
2012-05-25,21.76
2012-05-29,21.03
2012-05-30,24.14
2012-05-31,24.06
2012-06-01,26.66
2012-06-04,26.12
2012-06-05,24.68
2012-06-06,22.16
2012-06-07,21.72
2012-06-08,21.23
2012-06-11,23.56
2012-06-12,22.09
2012-06-13,24.27
2012-06-14,21.68
2012-06-15,21.11
2012-06-18,18.32
2012-06-19,18.38
2012-06-20,17.24
2012-06-21,20.08
2012-06-22,18.11
2012-06-25,20.38
2012-06-26,19.72
2012-06-27,19.45
2012-06-28,19.71
2012-06-29,17.08
2012-07-02,16.74
2012-07-03,16.66
2012-07-05,17.50
2012-07-06,17.10
2012-07-09,17.98
2012-07-10,18.72
2012-07-11,17.95
2012-07-12,18.33
2012-07-13,16.74
2012-07-16,17.11
2012-07-17,16.48
2012-07-18,16.16
2012-07-19,15.45
2012-07-20,16.27
2012-07-23,18.62
2012-07-24,20.47
2012-07-25,19.34
2012-07-26,17.53
2012-07-27,16.70
2012-07-30,18.03
2012-07-31,18.93
2012-08-01,18.96
2012-08-02,17.57
2012-08-03,15.64
2012-08-06,15.95
2012-08-07,15.99
2012-08-08,15.32
2012-08-09,15.28
2012-08-10,14.74
2012-08-13,13.70
2012-08-14,14.85
2012-08-15,14.63
2012-08-16,14.29
2012-08-17,13.45
2012-08-20,14.02
2012-08-21,15.02
2012-08-22,15.11
2012-08-23,15.96
2012-08-24,15.18
2012-08-27,16.35
2012-08-28,16.49
2012-08-29,17.06
2012-08-30,17.83
2012-08-31,17.47
2012-09-04,17.98
2012-09-05,17.74
2012-09-06,15.60
2012-09-07,14.38
2012-09-10,16.28
2012-09-11,16.41
2012-09-12,15.80
2012-09-13,14.05
2012-09-14,14.51
2012-09-17,14.59
2012-09-18,14.18
2012-09-19,13.88
2012-09-20,14.07
2012-09-21,13.98
2012-09-24,14.15
2012-09-25,15.43
2012-09-26,16.81
2012-09-27,14.84
2012-09-28,15.73
2012-10-01,16.32
2012-10-02,15.71
2012-10-03,15.43
2012-10-04,14.55
2012-10-05,14.33
2012-10-08,15.11
2012-10-09,16.37
2012-10-10,16.29
2012-10-11,15.59
2012-10-12,16.14
2012-10-15,15.27
2012-10-16,15.22
2012-10-17,15.07
2012-10-18,15.03
2012-10-19,17.06
2012-10-22,16.62
2012-10-23,18.83
2012-10-24,18.33
2012-10-25,18.12
2012-10-26,17.81
2012-10-31,18.60
2012-11-01,16.69
2012-11-02,17.59
2012-11-05,18.42
2012-11-06,17.58
2012-11-07,19.08
2012-11-08,18.49
2012-11-09,18.61
2012-11-12,16.68
2012-11-13,16.65
2012-11-14,17.92
2012-11-15,17.99
2012-11-16,16.41
2012-11-19,15.24
2012-11-20,15.08
2012-11-21,15.31
2012-11-23,15.14
2012-11-26,15.50
2012-11-27,15.92
2012-11-28,15.51
2012-11-29,15.06
2012-11-30,15.87
2012-12-03,16.64
2012-12-04,17.12
2012-12-05,16.46
2012-12-06,16.58
2012-12-07,15.90
2012-12-10,16.05
2012-12-11,15.57
2012-12-12,15.95
2012-12-13,16.56
2012-12-14,17.00
2012-12-17,16.34
2012-12-18,15.57
2012-12-19,17.36
2012-12-20,17.67
2012-12-21,17.84
2012-12-24,18.59
2012-12-26,19.48
2012-12-27,19.47
2012-12-28,22.72
2012-12-31,18.02
2013-01-02,14.68
2013-01-03,14.56
2013-01-04,13.83
2013-01-07,13.79
2013-01-08,13.62
2013-01-09,13.81
2013-01-10,13.49
2013-01-11,13.36
2013-01-14,13.52
2013-01-15,13.55
2013-01-16,13.42
2013-01-17,13.57
2013-01-18,12.46
2013-01-22,12.43
2013-01-23,12.46
2013-01-24,12.69
2013-01-25,12.89
2013-01-28,13.57
2013-01-29,13.31
2013-01-30,14.32
2013-01-31,14.28
2013-02-01,12.90
2013-02-04,14.67
2013-02-05,13.72
2013-02-06,13.41
2013-02-07,13.50
2013-02-08,13.02
2013-02-11,12.94
2013-02-12,12.64
2013-02-13,12.98
2013-02-14,12.66
2013-02-15,12.46
2013-02-19,12.31
2013-02-20,14.68
2013-02-21,15.22
2013-02-22,14.17
2013-02-25,18.99
2013-02-26,16.87
2013-02-27,14.73
2013-02-28,15.51
2013-03-01,15.36
2013-03-04,14.01
2013-03-05,13.48
2013-03-06,13.53
2013-03-07,13.06
2013-03-08,12.59
2013-03-11,11.56
2013-03-12,12.27
2013-03-13,11.83
2013-03-14,11.30
2013-03-15,11.30
2013-03-18,13.36
2013-03-19,14.39
2013-03-20,12.67
2013-03-21,13.99
2013-03-22,13.57
2013-03-25,13.74
2013-03-26,12.77
2013-03-27,13.15
2013-03-28,12.70
2013-04-01,13.58
2013-04-02,12.78
2013-04-03,14.21
2013-04-04,13.89
2013-04-05,13.92
2013-04-08,13.19
2013-04-09,12.84
2013-04-10,12.36
2013-04-11,12.24
2013-04-12,12.06
2013-04-15,17.27
2013-04-16,13.96
2013-04-17,16.51
2013-04-18,17.56
2013-04-19,14.97
2013-04-22,14.39
2013-04-23,13.48
2013-04-24,13.61
2013-04-25,13.62
2013-04-26,13.61
2013-04-29,13.71
2013-04-30,13.52
2013-05-01,14.49
2013-05-02,13.59
2013-05-03,12.85
2013-05-06,12.66
2013-05-07,12.83
2013-05-08,12.66
2013-05-09,13.13
2013-05-10,12.59
2013-05-13,12.55
2013-05-14,12.77
2013-05-15,12.81
2013-05-16,13.07
2013-05-17,12.45
2013-05-20,13.02
2013-05-21,13.37
2013-05-22,13.82
2013-05-23,14.07
2013-05-24,13.99
2013-05-28,14.48
2013-05-29,14.83
2013-05-30,14.53
2013-05-31,16.30
2013-06-03,16.28
2013-06-04,16.27
2013-06-05,17.50
2013-06-06,16.63
2013-06-07,15.14
2013-06-10,15.44
2013-06-11,17.07
2013-06-12,18.59
2013-06-13,16.41
2013-06-14,17.15
2013-06-17,16.80
2013-06-18,16.61
2013-06-19,16.64
2013-06-20,20.49
2013-06-21,18.90
2013-06-24,20.11
2013-06-25,18.47
2013-06-26,17.21
2013-06-27,16.86
2013-06-28,16.86
2013-07-01,16.37
2013-07-02,16.44
2013-07-03,16.20
2013-07-05,14.89
2013-07-08,14.78
2013-07-09,14.35
2013-07-10,14.21
2013-07-11,14.01
2013-07-12,13.84
2013-07-15,13.79
2013-07-16,14.42
2013-07-17,13.78
2013-07-18,13.77
2013-07-19,12.54
2013-07-22,12.29
2013-07-23,12.66
2013-07-24,13.18
2013-07-25,12.97
2013-07-26,12.72
2013-07-29,13.39
2013-07-30,13.39
2013-07-31,13.45
2013-08-01,12.94
2013-08-02,11.98
2013-08-05,11.84
2013-08-06,12.72
2013-08-07,12.98
2013-08-08,12.73
2013-08-09,13.41
2013-08-12,12.81
2013-08-13,12.31
2013-08-14,13.04
2013-08-15,14.73
2013-08-16,14.37
2013-08-19,15.10
2013-08-20,14.91
2013-08-21,15.94
2013-08-22,14.76
2013-08-23,13.98
2013-08-26,14.99
2013-08-27,16.77
2013-08-28,16.49
2013-08-29,16.81
2013-08-30,17.01
2013-09-03,16.61
2013-09-04,15.88
2013-09-05,15.77
2013-09-06,15.85
2013-09-09,15.63
2013-09-10,14.53
2013-09-11,13.82
2013-09-12,14.29
2013-09-13,14.16
2013-09-16,14.38
2013-09-17,14.53
2013-09-18,13.59
2013-09-19,13.16
2013-09-20,13.12
2013-09-23,14.31
2013-09-24,14.08
2013-09-25,14.01
2013-09-26,14.06
2013-09-27,15.46
2013-09-30,16.60
2013-10-01,15.54
2013-10-02,16.60
2013-10-03,17.67
2013-10-04,16.74
2013-10-07,19.41
2013-10-08,20.34
2013-10-09,19.60
2013-10-10,16.48
2013-10-11,15.72
2013-10-14,16.07
2013-10-15,18.66
2013-10-16,14.71
2013-10-17,13.48
2013-10-18,13.04
2013-10-21,13.16
2013-10-22,13.33
2013-10-23,13.42
2013-10-24,13.20
2013-10-25,13.09
2013-10-28,13.31
2013-10-29,13.41
2013-10-30,13.65
2013-10-31,13.75
2013-11-01,13.28
2013-11-04,12.93
2013-11-05,13.27
2013-11-06,12.67
2013-11-07,13.91
2013-11-08,12.90
2013-11-11,12.53
2013-11-12,12.82
2013-11-13,12.52
2013-11-14,12.37
2013-11-15,12.19
2013-11-18,13.10
2013-11-19,13.39
2013-11-20,13.40
2013-11-21,12.66
2013-11-22,12.26
2013-11-25,12.79
2013-11-26,12.81
2013-11-27,12.98
2013-11-29,13.70
2013-12-02,14.23
2013-12-03,14.55
2013-12-04,14.70
2013-12-05,15.08
2013-12-06,13.79
2013-12-09,13.49
2013-12-10,13.91
2013-12-11,15.42
2013-12-12,15.54
2013-12-13,15.76
2013-12-16,16.03
2013-12-17,16.21
2013-12-18,13.80
2013-12-19,14.15
2013-12-20,13.79
2013-12-23,13.04
2013-12-24,12.48
2013-12-26,12.33
2013-12-27,12.46
2013-12-30,13.56
2013-12-31,13.72
2014-01-02,14.23
2014-01-03,13.76
2014-01-06,13.55
2014-01-07,12.92
2014-01-08,12.87
2014-01-09,12.89
2014-01-10,12.14
2014-01-13,13.28
2014-01-14,12.28
2014-01-15,12.28
2014-01-16,12.53
2014-01-17,12.44
2014-01-21,12.87
2014-01-22,12.84
2014-01-23,13.77
2014-01-24,18.14
2014-01-27,17.42
2014-01-28,15.80
2014-01-29,17.35
2014-01-30,17.29
2014-01-31,18.41
2014-02-03,21.44
2014-02-04,19.11
2014-02-05,19.95
2014-02-06,17.23
2014-02-07,15.29
2014-02-10,15.26
2014-02-11,14.51
2014-02-12,14.30
2014-02-13,14.14
2014-02-14,13.57
2014-02-18,13.87
2014-02-19,15.50
2014-02-20,14.79
2014-02-21,14.68
2014-02-24,14.23
2014-02-25,13.67
2014-02-26,14.35
2014-02-27,14.04
2014-02-28,14.00
2014-03-03,16.00
2014-03-04,14.10
2014-03-05,13.89
2014-03-06,14.21
2014-03-07,14.11
2014-03-10,14.20
2014-03-11,14.80
2014-03-12,14.47
2014-03-13,16.22
2014-03-14,17.82
2014-03-17,15.64
2014-03-18,14.52
2014-03-19,15.12
2014-03-20,14.52
2014-03-21,15.00
2014-03-24,15.09
2014-03-25,14.02
2014-03-26,14.93
2014-03-27,14.62
2014-03-28,14.41
2014-03-31,13.88
2014-04-01,13.10
2014-04-02,13.09
2014-04-03,13.37
2014-04-04,13.96
2014-04-07,15.57
2014-04-08,14.89
2014-04-09,13.82
2014-04-10,15.89
2014-04-11,17.03
2014-04-14,16.11
2014-04-15,15.61
2014-04-16,14.18
2014-04-17,13.36
2014-04-21,13.25
2014-04-22,13.19
2014-04-23,13.27
2014-04-24,13.32
2014-04-25,14.06
2014-04-28,13.97
2014-04-29,13.71
2014-04-30,13.41
2014-05-01,13.25
2014-05-02,12.91
2014-05-05,13.29
2014-05-06,13.80
2014-05-07,13.40
2014-05-08,13.43
2014-05-09,12.92
2014-05-12,12.23
2014-05-13,12.13
2014-05-14,12.17
2014-05-15,13.17
2014-05-16,12.44
2014-05-19,12.42
2014-05-20,12.96
2014-05-21,11.91
2014-05-22,12.03
2014-05-23,11.36
2014-05-27,11.51
2014-05-28,11.68
2014-05-29,11.57
2014-05-30,11.40
2014-06-02,11.58
2014-06-03,11.87
2014-06-04,12.08
2014-06-05,11.68
2014-06-06,10.73
2014-06-09,11.15
2014-06-10,10.99
2014-06-11,11.60
2014-06-12,12.56
2014-06-13,12.18
2014-06-16,12.65
2014-06-17,12.06
2014-06-18,10.61
2014-06-19,10.62
2014-06-20,10.85
2014-06-23,10.98
2014-06-24,12.13
2014-06-25,11.59
2014-06-26,11.63
2014-06-27,11.26
2014-06-30,11.57
2014-07-01,11.15
2014-07-02,10.82
2014-07-03,10.32
2014-07-07,11.33
2014-07-08,11.98
2014-07-09,11.65
2014-07-10,12.59
2014-07-11,12.08
2014-07-14,11.82
2014-07-15,11.96
2014-07-16,11.00
2014-07-17,14.54
2014-07-18,12.06
2014-07-21,12.81
2014-07-22,12.24
2014-07-23,11.52
2014-07-24,11.84
2014-07-25,12.69
2014-07-28,12.56
2014-07-29,13.28
2014-07-30,13.33
2014-07-31,16.95
2014-08-01,17.03
2014-08-04,15.12
2014-08-05,16.87
2014-08-06,16.37
2014-08-07,16.66
2014-08-08,15.77
2014-08-11,14.23
2014-08-12,14.13
2014-08-13,12.90
2014-08-14,12.42
2014-08-15,13.15
2014-08-18,12.32
2014-08-19,12.21
2014-08-20,11.78
2014-08-21,11.76
2014-08-22,11.47
2014-08-25,11.70
2014-08-26,11.63
2014-08-27,11.78
2014-08-28,12.05
2014-08-29,11.98
2014-09-02,12.25
2014-09-03,12.36
2014-09-04,12.64
2014-09-05,12.09
2014-09-08,12.66
2014-09-09,13.50
2014-09-10,12.88
2014-09-11,12.80
2014-09-12,13.31
2014-09-15,14.12
2014-09-16,12.73
2014-09-17,12.65
2014-09-18,12.03
2014-09-19,12.11
2014-09-22,13.69
2014-09-23,14.93
2014-09-24,13.27
2014-09-25,15.64
2014-09-26,14.85
2014-09-29,15.98
2014-09-30,16.31
2014-10-01,16.71
2014-10-02,16.16
2014-10-03,14.55
2014-10-06,15.46
2014-10-07,17.20
2014-10-08,15.11
2014-10-09,18.76
2014-10-10,21.24
2014-10-13,24.64
2014-10-14,22.79
2014-10-15,26.25
2014-10-16,25.20
2014-10-17,21.99
2014-10-20,18.57
2014-10-21,16.08
2014-10-22,17.87
2014-10-23,16.53
2014-10-24,16.11
2014-10-27,16.04
2014-10-28,14.39
2014-10-29,15.15
2014-10-30,14.52
2014-10-31,14.03
2014-11-03,14.73
2014-11-04,14.89
2014-11-05,14.17
2014-11-06,13.67
2014-11-07,13.12
2014-11-10,12.67
2014-11-11,12.92
2014-11-12,13.02
2014-11-13,13.79
2014-11-14,13.31
2014-11-17,13.99
2014-11-18,13.86
2014-11-19,13.96
2014-11-20,13.58
2014-11-21,12.90
2014-11-24,12.62
2014-11-25,12.25
2014-11-26,12.07
2014-11-28,13.33
2014-12-01,14.29
2014-12-02,12.85
2014-12-03,12.47
2014-12-04,12.38
2014-12-05,11.82
2014-12-08,14.21
2014-12-09,14.89
2014-12-10,18.53
2014-12-11,20.08
2014-12-12,21.08
2014-12-15,20.42
2014-12-16,23.57
2014-12-17,19.44
2014-12-18,16.81
2014-12-19,16.49
2014-12-22,15.25
2014-12-23,14.80
2014-12-24,14.37
2014-12-26,14.50
2014-12-29,15.06
2014-12-30,15.92
2014-12-31,19.20
2015-01-02,17.79
2015-01-05,19.92
2015-01-06,21.12
2015-01-07,19.31
2015-01-08,17.01
2015-01-09,17.55
2015-01-12,19.60
2015-01-13,20.56
2015-01-14,21.48
2015-01-15,22.39
2015-01-16,20.95
2015-01-20,19.89
2015-01-21,18.85
2015-01-22,16.40
2015-01-23,16.66
2015-01-26,15.52
2015-01-27,17.22
2015-01-28,20.44
2015-01-29,18.76
2015-01-30,20.97
2015-02-02,19.43
2015-02-03,17.33
2015-02-04,18.33
2015-02-05,16.85
2015-02-06,17.29
2015-02-09,18.55
2015-02-10,17.23
2015-02-11,16.96
2015-02-12,15.34
2015-02-13,14.69
2015-02-17,15.80
2015-02-18,15.45
2015-02-19,15.29
2015-02-20,14.30
2015-02-23,14.56
2015-02-24,13.69
2015-02-25,13.84
2015-02-26,13.91
2015-02-27,13.34
2015-03-02,13.04
2015-03-03,13.86
2015-03-04,14.23
2015-03-05,14.04
2015-03-06,15.20
2015-03-09,15.06
2015-03-10,16.69
2015-03-11,16.87
2015-03-12,15.42
2015-03-13,16.00
2015-03-16,15.61
2015-03-17,15.66
2015-03-18,13.97
2015-03-19,14.07
2015-03-20,13.02
2015-03-23,13.41
2015-03-24,13.62
2015-03-25,15.44
2015-03-26,15.80
2015-03-27,15.07
2015-03-30,14.51
2015-03-31,15.29
2015-04-01,15.11
2015-04-02,14.67
2015-04-06,14.74
2015-04-07,14.78
2015-04-08,13.98
2015-04-09,13.09
2015-04-10,12.58
2015-04-13,13.94
2015-04-14,13.67
2015-04-15,12.84
2015-04-16,12.60
2015-04-17,13.89
2015-04-20,13.30
2015-04-21,13.25
2015-04-22,12.71
2015-04-23,12.48
2015-04-24,12.29
2015-04-27,13.12
2015-04-28,12.41
2015-04-29,13.39
2015-04-30,14.55
2015-05-01,12.70
2015-05-04,12.85
2015-05-05,14.31
2015-05-06,15.15
2015-05-07,15.13
2015-05-08,12.86
2015-05-11,13.85
2015-05-12,13.86
2015-05-13,13.76
2015-05-14,12.74
2015-05-15,12.38
2015-05-18,12.73
2015-05-19,12.85
2015-05-20,12.88
2015-05-21,12.11
2015-05-22,12.13
2015-05-26,14.06
2015-05-27,13.27
2015-05-28,13.31
2015-05-29,13.84
2015-06-01,13.97
2015-06-02,14.24
2015-06-03,13.66
2015-06-04,14.71
2015-06-05,14.21
2015-06-08,15.29
2015-06-09,14.47
2015-06-10,13.22
2015-06-11,12.85
2015-06-12,13.78
2015-06-15,15.39
2015-06-16,14.81
2015-06-17,14.50
2015-06-18,13.19
2015-06-19,13.96
2015-06-22,12.74
2015-06-23,12.11
2015-06-24,13.26
2015-06-25,14.01
2015-06-26,14.02
2015-06-29,18.85
2015-06-30,18.23
2015-07-01,16.09
2015-07-02,16.79
2015-07-06,17.01
2015-07-07,16.09
2015-07-08,19.66
2015-07-09,19.97
2015-07-10,16.83
2015-07-13,13.90
2015-07-14,13.37
2015-07-15,13.23
2015-07-16,12.11
2015-07-17,11.95
2015-07-20,12.25
2015-07-21,12.22
2015-07-22,12.12
2015-07-23,12.63
2015-07-24,13.74
2015-07-27,15.60
2015-07-28,13.44
2015-07-29,12.50
2015-07-30,12.13
2015-07-31,12.12
2015-08-03,12.56
2015-08-04,13.00
2015-08-05,12.51
2015-08-06,13.77
2015-08-07,13.39
2015-08-10,12.23
2015-08-11,13.71
2015-08-12,13.61
2015-08-13,13.49
2015-08-14,12.83
2015-08-17,13.02
2015-08-18,13.79
2015-08-19,15.25
2015-08-20,19.14
2015-08-21,28.03
2015-08-24,40.74
2015-08-25,36.02
2015-08-26,30.32
2015-08-27,26.10
2015-08-28,26.05
2015-08-31,28.43
2015-09-01,31.40
2015-09-02,26.09
2015-09-03,25.61
2015-09-04,27.80
2015-09-08,24.90
2015-09-09,26.23
2015-09-10,24.37
2015-09-11,23.20
2015-09-14,24.25
2015-09-15,22.54
2015-09-16,21.35
2015-09-17,21.14
2015-09-18,22.28
2015-09-21,20.14
2015-09-22,22.44
2015-09-23,22.13
2015-09-24,23.47
2015-09-25,23.62
2015-09-28,27.63
2015-09-29,26.83
2015-09-30,24.50
2015-10-01,22.55
2015-10-02,20.94
2015-10-05,19.54
2015-10-06,19.40
2015-10-07,18.40
2015-10-08,17.42
2015-10-09,17.08
2015-10-12,16.17
2015-10-13,17.67
2015-10-14,18.03
2015-10-15,16.05
2015-10-16,15.05
2015-10-19,14.98
2015-10-20,15.75
2015-10-21,16.70
2015-10-22,14.45
2015-10-23,14.46
2015-10-26,15.29
2015-10-27,15.43
2015-10-28,14.33
2015-10-29,14.61
2015-10-30,15.07
2015-11-02,14.15
2015-11-03,14.54
2015-11-04,15.51
2015-11-05,15.05
2015-11-06,14.33
2015-11-09,16.52
2015-11-10,15.29
2015-11-11,16.06
2015-11-12,18.37
2015-11-13,20.08
2015-11-16,18.16
2015-11-17,18.84
2015-11-18,16.85
2015-11-19,16.99
2015-11-20,15.47
2015-11-23,15.62
2015-11-24,15.93
2015-11-25,15.19
2015-11-27,15.12
2015-11-30,16.13
2015-12-01,14.67
2015-12-02,15.91
2015-12-03,18.11
2015-12-04,14.81
2015-12-07,15.84
2015-12-08,17.60
2015-12-09,19.61
2015-12-10,19.34
2015-12-11,24.39
2015-12-14,22.73
2015-12-15,20.95
2015-12-16,17.86
2015-12-17,18.94
2015-12-18,20.70
2015-12-21,18.70
2015-12-22,16.60
2015-12-23,15.57
2015-12-24,15.74
2015-12-28,16.91
2015-12-29,16.08
2015-12-30,17.29
2015-12-31,18.21
2016-01-04,20.70
2016-01-05,19.34
2016-01-06,20.59
2016-01-07,24.99
2016-01-08,27.01
2016-01-11,24.30
2016-01-12,22.47
2016-01-13,25.22
2016-01-14,23.95
2016-01-15,27.02
2016-01-19,26.05
2016-01-20,27.59
2016-01-21,26.69
2016-01-22,22.34
2016-01-25,24.15
2016-01-26,22.50
2016-01-27,23.11
2016-01-28,22.42
2016-01-29,20.20
2016-02-01,19.98
2016-02-02,21.98
2016-02-03,21.65
2016-02-04,21.84
2016-02-05,23.38
2016-02-08,26.00
2016-02-09,26.54
2016-02-10,26.29
2016-02-11,28.14
2016-02-12,25.40
2016-02-16,24.11
2016-02-17,22.31
2016-02-18,21.64
2016-02-19,20.53
2016-02-22,19.38
2016-02-23,20.98
2016-02-24,20.72
2016-02-25,19.11
2016-02-26,19.81
2016-02-29,20.55
2016-03-01,17.70
2016-03-02,17.09
2016-03-03,16.70
2016-03-04,16.86
2016-03-07,17.35
2016-03-08,18.67
2016-03-09,18.34
2016-03-10,18.05
2016-03-11,16.50
2016-03-14,16.92
2016-03-15,16.84
2016-03-16,14.99
2016-03-17,14.44
2016-03-18,14.02
2016-03-21,13.79
2016-03-22,14.17
2016-03-23,14.94
2016-03-24,14.74
2016-03-28,15.24
2016-03-29,13.82
2016-03-30,13.56
2016-03-31,13.95
2016-04-01,13.10
2016-04-04,14.12
2016-04-05,15.42
2016-04-06,14.09
2016-04-07,16.16
2016-04-08,15.36
2016-04-11,16.26
2016-04-12,14.85
2016-04-13,13.84
2016-04-14,13.72
2016-04-15,13.62
2016-04-18,13.35
2016-04-19,13.24
2016-04-20,13.28
2016-04-21,13.95
2016-04-22,13.22
2016-04-25,14.08
2016-04-26,13.96
2016-04-27,13.77
2016-04-28,15.22
2016-04-29,15.70
2016-05-02,14.68
2016-05-03,15.60
2016-05-04,16.05
2016-05-05,15.91
2016-05-06,14.72
2016-05-09,14.57
2016-05-10,13.63
2016-05-11,14.69
2016-05-12,14.41
2016-05-13,15.04
2016-05-16,14.68
2016-05-17,15.57
2016-05-18,15.95
2016-05-19,16.33
2016-05-20,15.20
2016-05-23,15.82
2016-05-24,14.42
2016-05-25,13.90
2016-05-26,13.43
2016-05-27,13.12
2016-05-31,14.19
2016-06-01,14.20
2016-06-02,13.63
2016-06-03,13.47
2016-06-06,13.65
2016-06-07,14.05
2016-06-08,14.08
2016-06-09,14.64
2016-06-10,17.03
2016-06-13,20.97
2016-06-14,20.50
2016-06-15,20.14
2016-06-16,19.37
2016-06-17,19.41
2016-06-20,18.37
2016-06-21,18.48
2016-06-22,21.17
2016-06-23,17.25
2016-06-24,25.76
2016-06-27,23.85
2016-06-28,18.75
2016-06-29,16.64
2016-06-30,15.63
2016-07-01,14.77
2016-07-05,15.58
2016-07-06,14.96
2016-07-07,14.76
2016-07-08,13.20
2016-07-11,13.54
2016-07-12,13.55
2016-07-13,13.04
2016-07-14,12.82
2016-07-15,12.67
2016-07-18,12.44
2016-07-19,11.97
2016-07-20,11.77
2016-07-21,12.74
2016-07-22,12.02
2016-07-25,12.87
2016-07-26,13.05
2016-07-27,12.83
2016-07-28,12.72
2016-07-29,11.87
2016-08-01,12.44
2016-08-02,13.37
2016-08-03,12.86
2016-08-04,12.42
2016-08-05,11.39
2016-08-08,11.50
2016-08-09,11.66
2016-08-10,12.05
2016-08-11,11.68
2016-08-12,11.55
2016-08-15,11.81
2016-08-16,12.64
2016-08-17,12.19
2016-08-18,11.43
2016-08-19,11.34
2016-08-22,12.27
2016-08-23,12.38
2016-08-24,13.45
2016-08-25,13.63
2016-08-26,13.65
2016-08-29,12.94
2016-08-30,13.12
2016-08-31,13.42
2016-09-01,13.48
2016-09-02,11.98
2016-09-06,12.02
2016-09-07,11.94
2016-09-08,12.51
2016-09-09,17.50
2016-09-12,15.16
2016-09-13,17.85
2016-09-14,18.14
2016-09-15,16.30
2016-09-16,15.37
2016-09-19,15.53
2016-09-20,15.92
2016-09-21,13.30
2016-09-22,12.02
2016-09-23,12.29
2016-09-26,14.50
2016-09-27,13.10
2016-09-28,12.39
2016-09-29,14.02
2016-09-30,13.29
2016-10-03,13.57
2016-10-04,13.63
2016-10-05,12.99
2016-10-06,12.84
2016-10-07,13.48
2016-10-10,13.38
2016-10-11,15.36
2016-10-12,15.91
2016-10-13,16.69
2016-10-14,16.12
2016-10-17,16.21
2016-10-18,15.28
2016-10-19,14.41
2016-10-20,13.75
2016-10-21,13.34
2016-10-24,13.02
2016-10-25,13.46
2016-10-26,14.24
2016-10-27,15.36
2016-10-28,16.19
2016-10-31,17.06
2016-11-01,18.56
2016-11-02,19.32
2016-11-03,22.08
2016-11-04,22.51
2016-11-07,18.71
2016-11-08,18.74
2016-11-09,14.38
2016-11-10,14.74
2016-11-11,14.17
2016-11-14,14.48
2016-11-15,13.37
2016-11-16,13.72
2016-11-17,13.35
2016-11-18,12.85
2016-11-21,12.42
2016-11-22,12.41
2016-11-23,12.43
2016-11-25,12.34
2016-11-28,13.15
2016-11-29,12.90
2016-11-30,13.33
2016-12-01,14.07
2016-12-02,14.12
2016-12-05,12.14
2016-12-06,11.79
2016-12-07,12.22
2016-12-08,12.64
2016-12-09,11.75
2016-12-12,12.64
2016-12-13,12.72
2016-12-14,13.19
2016-12-15,12.79
2016-12-16,12.20
2016-12-19,11.71
2016-12-20,11.45
2016-12-21,11.27
2016-12-22,11.43
2016-12-23,11.44
2016-12-27,11.99
2016-12-28,12.95
2016-12-29,13.37
2016-12-30,14.04
2017-01-03,12.85
2017-01-04,11.85
2017-01-05,11.67
2017-01-06,11.32
2017-01-09,11.56
2017-01-10,11.49
2017-01-11,11.26
2017-01-12,11.54
2017-01-13,11.23
2017-01-17,11.87
2017-01-18,12.48
2017-01-19,12.78
2017-01-20,11.54
2017-01-23,11.77
2017-01-24,11.07
2017-01-25,10.81
2017-01-26,10.63
2017-01-27,10.58
2017-01-30,11.88
2017-01-31,11.99
2017-02-01,11.81
2017-02-02,11.93
2017-02-03,10.97
2017-02-06,11.37
2017-02-07,11.29
2017-02-08,11.45
2017-02-09,10.88
2017-02-10,10.85
2017-02-13,11.07
2017-02-14,10.74
2017-02-15,11.97
2017-02-16,11.76
2017-02-17,11.49
2017-02-21,11.57
2017-02-22,11.74
2017-02-23,11.71
2017-02-24,11.47
2017-02-27,12.09
2017-02-28,12.92
2017-03-01,12.54
2017-03-02,11.81
2017-03-03,10.96
2017-03-06,11.24
2017-03-07,11.45
2017-03-08,11.86
2017-03-09,12.30
2017-03-10,11.66
2017-03-13,11.35
2017-03-14,12.30
2017-03-15,11.63
2017-03-16,11.21
2017-03-17,11.28
2017-03-20,11.34
2017-03-21,12.47
2017-03-22,12.81
2017-03-23,13.12
2017-03-24,12.96
2017-03-27,12.50
2017-03-28,11.53
2017-03-29,11.42
2017-03-30,11.54
2017-03-31,12.37
2017-04-03,12.38
2017-04-04,11.79
2017-04-05,12.89
2017-04-06,12.39
2017-04-07,12.87
2017-04-10,14.05
2017-04-11,15.07
2017-04-12,15.77
2017-04-13,15.96
2017-04-17,14.66
2017-04-18,14.42
2017-04-19,14.93
2017-04-20,14.15
2017-04-21,14.63
2017-04-24,10.84
2017-04-25,10.76
2017-04-26,10.85
2017-04-27,10.36
2017-04-28,10.82
2017-05-01,10.11
2017-05-02,10.59
2017-05-03,10.68
2017-05-04,10.46
2017-05-05,10.57
2017-05-08,9.77
2017-05-09,9.96
2017-05-10,10.21
2017-05-11,10.60
2017-05-12,10.40
2017-05-15,10.42
2017-05-16,10.65
2017-05-17,15.59
2017-05-18,14.66
2017-05-19,12.04
2017-05-22,10.93
2017-05-23,10.72
2017-05-24,10.02
2017-05-25,9.99
2017-05-26,9.81
2017-05-30,10.38
2017-05-31,10.41
2017-06-01,9.89
2017-06-02,9.75
2017-06-05,10.07
2017-06-06,10.45
2017-06-07,10.39
2017-06-08,10.16
2017-06-09,10.70
2017-06-12,11.46
2017-06-13,10.42
2017-06-14,10.64
2017-06-15,10.90
2017-06-16,10.38
2017-06-19,10.37
2017-06-20,10.86
2017-06-21,10.75
2017-06-22,10.48
2017-06-23,10.02
2017-06-26,9.90
2017-06-27,11.06
2017-06-28,10.03
2017-06-29,11.44
2017-06-30,11.18
2017-07-03,11.22
2017-07-05,11.07
2017-07-06,12.54
2017-07-07,11.19
2017-07-10,11.11
2017-07-11,10.89
2017-07-12,10.30
2017-07-13,9.90
2017-07-14,9.51
2017-07-17,9.82
2017-07-18,9.89
2017-07-19,9.79
2017-07-20,9.58
2017-07-21,9.36
2017-07-24,9.43
2017-07-25,9.43
2017-07-26,9.60
2017-07-27,10.11
2017-07-28,10.29
2017-07-31,10.26
2017-08-01,10.09
2017-08-02,10.28
2017-08-03,10.44
2017-08-04,10.03
2017-08-07,9.93
2017-08-08,10.96
2017-08-09,11.11
2017-08-10,16.04
2017-08-11,15.51
2017-08-14,12.33
2017-08-15,12.04
2017-08-16,11.74
2017-08-17,15.55
2017-08-18,14.26
2017-08-21,13.19
2017-08-22,11.35
2017-08-23,12.25
2017-08-24,12.23
2017-08-25,11.28
2017-08-28,11.32
2017-08-29,11.70
2017-08-30,11.22
2017-08-31,10.59
2017-09-01,10.13
2017-09-05,12.23
2017-09-06,11.63
2017-09-07,11.55
2017-09-08,12.12
2017-09-11,10.73
2017-09-12,10.58
2017-09-13,10.50
2017-09-14,10.44
2017-09-15,10.17
2017-09-18,10.15
2017-09-19,10.18
2017-09-20,9.78
2017-09-21,9.67
2017-09-22,9.59
2017-09-25,10.21
2017-09-26,10.17
2017-09-27,9.87
2017-09-28,9.55
2017-09-29,9.51
2017-10-02,9.45
2017-10-03,9.51
2017-10-04,9.63
2017-10-05,9.19
2017-10-06,9.65
2017-10-09,10.33
2017-10-10,10.08
2017-10-11,9.85
2017-10-12,9.91
2017-10-13,9.61
2017-10-16,9.91
2017-10-17,10.31
2017-10-18,10.07
2017-10-19,10.05
2017-10-20,9.97
2017-10-23,11.07
2017-10-24,11.16
2017-10-25,11.23
2017-10-26,11.30
2017-10-27,9.80
2017-10-30,10.50
2017-10-31,10.18
2017-11-01,10.20
2017-11-02,9.93
2017-11-03,9.14
2017-11-06,9.40
2017-11-07,9.89
2017-11-08,9.78
2017-11-09,10.50
2017-11-10,11.29
2017-11-13,11.50
2017-11-14,11.59
2017-11-15,13.13
2017-11-16,11.76
2017-11-17,11.43
2017-11-20,10.65
2017-11-21,9.73
2017-11-22,9.88
2017-11-24,9.67
2017-11-27,9.87
2017-11-28,10.03
2017-11-29,10.70
2017-11-30,11.28
2017-12-01,11.43
2017-12-04,11.68
2017-12-05,11.33
2017-12-06,11.02
2017-12-07,10.16
2017-12-08,9.58
2017-12-11,9.34
2017-12-12,9.92
2017-12-13,10.18
2017-12-14,10.49
2017-12-15,9.42
2017-12-18,9.53
2017-12-19,10.03
2017-12-20,9.72
2017-12-21,9.62
2017-12-22,9.90
2017-12-26,10.25
2017-12-27,10.47
2017-12-28,10.18
2017-12-29,11.04
2018-01-02,9.77
2018-01-03,9.15
2018-01-04,9.22
2018-01-05,9.22
2018-01-08,9.52
2018-01-09,10.08
2018-01-10,9.82
2018-01-11,9.88
2018-01-12,10.16
2018-01-16,11.66
2018-01-17,11.91
2018-01-18,12.22
2018-01-19,11.27
2018-01-22,11.03
2018-01-23,11.10
2018-01-24,11.47
2018-01-25,11.58
2018-01-26,11.08
2018-01-29,13.84
2018-01-30,14.79
2018-01-31,13.54
2018-02-01,13.47
2018-02-02,17.31
2018-02-05,37.32
2018-02-06,29.98
2018-02-07,27.73
2018-02-08,33.46
2018-02-09,29.06
2018-02-12,25.61
2018-02-13,24.97
2018-02-14,19.26
2018-02-15,19.13
2018-02-16,19.46
2018-02-20,20.60
2018-02-21,20.02
2018-02-22,18.72
2018-02-23,16.49
2018-02-26,15.80
2018-02-27,18.59
2018-02-28,19.85
2018-03-01,22.47
2018-03-02,19.59
2018-03-05,18.73
2018-03-06,18.36
2018-03-07,17.76
2018-03-08,16.54
2018-03-09,14.64
2018-03-12,15.78
2018-03-13,16.35
2018-03-14,17.23
2018-03-15,16.59
2018-03-16,15.80
2018-03-19,19.02
2018-03-20,18.20
2018-03-21,17.86
2018-03-22,23.34
2018-03-23,24.87
2018-03-26,21.03
2018-03-27,22.50
2018-03-28,22.87
2018-03-29,19.97
2018-04-02,23.62
2018-04-03,21.10
2018-04-04,20.06
2018-04-05,18.94
2018-04-06,21.49
2018-04-09,21.77
2018-04-10,20.47
2018-04-11,20.24
2018-04-12,18.49
2018-04-13,17.41
2018-04-16,16.56
2018-04-17,15.25
2018-04-18,15.60
2018-04-19,15.96
2018-04-20,16.88
2018-04-23,16.34
2018-04-24,18.02
2018-04-25,17.84
2018-04-26,16.24
2018-04-27,15.41
2018-04-30,15.93
2018-05-01,15.49
2018-05-02,15.97
2018-05-03,15.90
2018-05-04,14.77
2018-05-07,14.75
2018-05-08,14.71
2018-05-09,13.42
2018-05-10,13.23
2018-05-11,12.65
2018-05-14,12.93
2018-05-15,14.63
2018-05-16,13.42
2018-05-17,13.43
2018-05-18,13.42
2018-05-21,13.08
2018-05-22,13.22
2018-05-23,12.58
2018-05-24,12.53
2018-05-25,13.22
2018-05-29,17.02
2018-05-30,14.94
2018-05-31,15.43
2018-06-01,13.46
2018-06-04,12.74
2018-06-05,12.40
2018-06-06,11.64
2018-06-07,12.13
2018-06-08,12.18
2018-06-11,12.35
2018-06-12,12.34
2018-06-13,12.94
2018-06-14,12.12
2018-06-15,11.98
2018-06-18,12.31
2018-06-19,13.35
2018-06-20,12.79
2018-06-21,14.64
2018-06-22,13.77
2018-06-25,17.33
2018-06-26,15.92
2018-06-27,17.91
2018-06-28,16.85
2018-06-29,16.09
2018-07-02,15.60
2018-07-03,16.14
2018-07-05,14.97
2018-07-06,13.37
2018-07-09,12.69
2018-07-10,12.64
2018-07-11,13.63
2018-07-12,12.58
2018-07-13,12.18
2018-07-16,12.83
2018-07-17,12.06
2018-07-18,12.10
2018-07-19,12.87
2018-07-20,12.86
2018-07-23,12.62
2018-07-24,12.41
2018-07-25,12.29
2018-07-26,12.14
2018-07-27,13.03
2018-07-30,14.26
2018-07-31,12.83
2018-08-01,13.15
2018-08-02,12.19
2018-08-03,11.64
2018-08-06,11.27
2018-08-07,10.93
2018-08-08,10.85
2018-08-09,11.27
2018-08-10,13.16
2018-08-13,14.78
2018-08-14,13.31
2018-08-15,14.64
2018-08-16,13.45
2018-08-17,12.64
2018-08-20,12.49
2018-08-21,12.86
2018-08-22,12.25
2018-08-23,12.41
2018-08-24,11.99
2018-08-27,12.16
2018-08-28,12.50
2018-08-29,12.25
2018-08-30,13.53
2018-08-31,12.86
2018-09-04,13.16
2018-09-05,13.91
2018-09-06,14.65
2018-09-07,14.88
2018-09-10,14.16
2018-09-11,13.22
2018-09-12,13.14
2018-09-13,12.37
2018-09-14,12.07
2018-09-17,13.68
2018-09-18,12.79
2018-09-19,11.75
2018-09-20,11.80
2018-09-21,11.68
2018-09-24,12.20
2018-09-25,12.42
2018-09-26,12.89
2018-09-27,12.41
2018-09-28,12.12
2018-10-01,12.00
2018-10-02,12.05
2018-10-03,11.61
2018-10-04,14.22
2018-10-05,14.82
2018-10-08,15.69
2018-10-09,15.95
2018-10-10,22.96
2018-10-11,24.98
2018-10-12,21.31
2018-10-15,21.30
2018-10-16,17.62
2018-10-17,17.40
2018-10-18,20.06
2018-10-19,19.89
2018-10-22,19.64
2018-10-23,20.71
2018-10-24,25.23
2018-10-25,24.22
2018-10-26,24.16
2018-10-29,24.70
2018-10-30,23.35
2018-10-31,21.23
2018-11-01,19.34
2018-11-02,19.51
2018-11-05,19.96
2018-11-06,19.91
2018-11-07,16.36
2018-11-08,16.72
2018-11-09,17.36
2018-11-12,20.45
2018-11-13,20.02
2018-11-14,21.25
2018-11-15,19.98
2018-11-16,18.14
2018-11-19,20.10
2018-11-20,22.48
2018-11-21,20.80
2018-11-23,21.52
2018-11-26,18.90
2018-11-27,19.02
2018-11-28,18.49
2018-11-29,18.79
2018-11-30,18.07
2018-12-03,16.44
2018-12-04,20.74
2018-12-06,21.19
2018-12-07,23.23
2018-12-10,22.64
2018-12-11,21.76
2018-12-12,21.46
2018-12-13,20.65
2018-12-14,21.63
2018-12-17,24.52
2018-12-18,25.58
2018-12-19,25.58
2018-12-20,28.38
2018-12-21,30.11
2018-12-24,36.07
2018-12-26,30.41
2018-12-27,29.96
2018-12-28,28.34
2018-12-31,25.42
2019-01-02,23.22
2019-01-03,25.45
2019-01-04,21.38
2019-01-07,21.40
2019-01-08,20.47
2019-01-09,19.98
2019-01-10,19.50
2019-01-11,18.19
2019-01-14,19.07
2019-01-15,18.60
2019-01-16,19.04
2019-01-17,18.06
2019-01-18,17.80
2019-01-22,20.80
2019-01-23,19.52
2019-01-24,18.89
2019-01-25,17.42
2019-01-28,18.87
2019-01-29,19.13
2019-01-30,17.66
2019-01-31,16.57
2019-02-01,16.14
2019-02-04,15.73
2019-02-05,15.57
2019-02-06,15.38
2019-02-07,16.37
2019-02-08,15.72
2019-02-11,15.97
2019-02-12,15.43
2019-02-13,15.65
2019-02-14,16.22
2019-02-15,14.91
2019-02-19,14.88
2019-02-20,14.02
2019-02-21,14.46
2019-02-22,13.51
2019-02-25,14.85
2019-02-26,15.17
2019-02-27,14.70
2019-02-28,14.70
2019-03-01,13.57
2019-03-04,14.63
2019-03-05,14.74
2019-03-06,15.74
2019-03-07,16.59
2019-03-08,16.05
2019-03-11,14.33
2019-03-12,13.77
2019-03-13,13.41
2019-03-14,13.50
2019-03-15,12.88
2019-03-18,13.10
2019-03-19,13.56
2019-03-20,13.91
2019-03-21,13.63
2019-03-22,16.48
2019-03-25,16.33
2019-03-26,14.68
2019-03-27,15.15
2019-03-28,14.43
2019-03-29,13.71
2019-04-01,13.40
2019-04-02,13.36
2019-04-03,13.74
2019-04-04,13.58
2019-04-05,12.82
2019-04-08,13.18
2019-04-09,14.28
2019-04-10,13.30
2019-04-11,13.02
2019-04-12,12.01
2019-04-15,12.32
2019-04-16,12.18
2019-04-17,12.60
2019-04-18,12.09
2019-04-22,12.42
2019-04-23,12.28
2019-04-24,13.14
2019-04-25,13.25
2019-04-26,12.73
2019-04-29,13.11
2019-04-30,13.12
2019-05-01,14.80
2019-05-02,14.42
2019-05-03,12.87
2019-05-06,15.44
2019-05-07,19.32
2019-05-08,19.40
2019-05-09,19.10
2019-05-10,16.04
2019-05-13,20.55
2019-05-14,18.06
2019-05-15,16.44
2019-05-16,15.29
2019-05-17,15.96
2019-05-20,16.31
2019-05-21,14.95
2019-05-22,14.75
2019-05-23,16.92
2019-05-24,15.85
2019-05-28,17.50
2019-05-29,17.90
2019-05-30,17.30
2019-05-31,18.71
2019-06-03,18.86
2019-06-04,16.97
2019-06-05,16.09
2019-06-06,15.93
2019-06-07,16.30
2019-06-10,15.94
2019-06-11,15.99
2019-06-12,15.91
2019-06-13,15.82
2019-06-14,15.28
2019-06-17,15.35
2019-06-18,15.15
2019-06-19,14.33
2019-06-20,14.75
2019-06-21,15.40
2019-06-24,15.26
2019-06-25,16.28
2019-06-26,16.21
2019-06-27,15.82
2019-06-28,15.08
2019-07-01,14.06
2019-07-02,12.93
2019-07-03,12.57
2019-07-05,13.28
2019-07-08,13.96
2019-07-09,14.09
2019-07-10,13.03
2019-07-11,12.93
2019-07-12,12.39
2019-07-15,12.68
2019-07-16,12.86
2019-07-17,13.97
2019-07-18,13.53
2019-07-19,14.45
2019-07-22,13.53
2019-07-23,12.61
2019-07-24,12.07
2019-07-25,12.74
2019-07-26,12.16
2019-07-29,12.83
2019-07-30,13.94
2019-07-31,16.12
2019-08-01,17.87
2019-08-02,17.61
2019-08-05,24.59
2019-08-06,20.17
2019-08-07,19.49
2019-08-08,16.91
2019-08-09,17.97
2019-08-12,21.09
2019-08-13,17.52
2019-08-14,22.10
2019-08-15,21.18
2019-08-16,18.47
2019-08-19,16.88
2019-08-20,17.50
2019-08-21,15.80
2019-08-22,16.68
2019-08-23,19.87
2019-08-26,19.32
2019-08-27,20.31
2019-08-28,19.35
2019-08-29,17.88
2019-08-30,18.98
2019-09-03,19.66
2019-09-04,17.33
2019-09-05,16.27
2019-09-06,15.00
2019-09-09,15.27
2019-09-10,15.20
2019-09-11,14.61
2019-09-12,14.22
2019-09-13,13.74
2019-09-16,14.67
2019-09-17,14.44
2019-09-18,13.95
2019-09-19,14.05
2019-09-20,15.32
2019-09-23,14.91
2019-09-24,17.05
2019-09-25,15.96
2019-09-26,16.07
2019-09-27,17.22
2019-09-30,16.24
2019-10-01,18.56
2019-10-02,20.56
2019-10-03,19.12
2019-10-04,17.04
2019-10-07,17.86
2019-10-08,20.28
2019-10-09,18.64
2019-10-10,17.57
2019-10-11,15.58
2019-10-14,14.57
2019-10-15,13.54
2019-10-16,13.68
2019-10-17,13.79
2019-10-18,14.25
2019-10-21,14.00
2019-10-22,14.46
2019-10-23,14.01
2019-10-24,13.71
2019-10-25,12.65
2019-10-28,13.11
2019-10-29,13.20
2019-10-30,12.33
2019-10-31,13.22
2019-11-01,12.30
2019-11-04,12.83
2019-11-05,13.10
2019-11-06,12.62
2019-11-07,12.73
2019-11-08,12.07
2019-11-11,12.69
2019-11-12,12.68
2019-11-13,13.00
2019-11-14,13.05
2019-11-15,12.05
2019-11-18,12.46
2019-11-19,12.86
2019-11-20,12.78
2019-11-21,13.13
2019-11-22,12.34
2019-11-25,11.87
2019-11-26,11.54
2019-11-27,11.75
2019-11-29,12.62
2019-12-02,14.91
2019-12-03,15.96
2019-12-04,14.80
2019-12-05,14.52
2019-12-06,13.62
2019-12-09,15.86
2019-12-10,15.68
2019-12-11,14.99
2019-12-12,13.94
2019-12-13,12.63
2019-12-16,12.14
2019-12-17,12.29
2019-12-18,12.58
2019-12-19,12.50
2019-12-20,12.51
2019-12-23,12.61
2019-12-24,12.67
2019-12-26,12.65
2019-12-27,13.43
2019-12-30,14.82
2019-12-31,13.78
2020-01-02,12.47
2020-01-03,14.02
2020-01-06,13.85
2020-01-07,13.79
2020-01-08,13.45
2020-01-09,12.54
2020-01-10,12.56
2020-01-13,12.32
2020-01-14,12.39
2020-01-15,12.42
2020-01-16,12.32
2020-01-17,12.10
2020-01-21,12.85
2020-01-22,12.91
2020-01-23,12.98
2020-01-24,14.56
2020-01-27,18.23
2020-01-28,16.28
2020-01-29,16.39
2020-01-30,15.49
2020-01-31,18.84
2020-02-03,17.97
2020-02-04,16.05
2020-02-05,15.15
2020-02-06,14.96
2020-02-07,15.47
2020-02-10,15.04
2020-02-11,15.18
2020-02-12,13.74
2020-02-13,14.15
2020-02-14,13.68
2020-02-18,14.83
2020-02-19,14.38
2020-02-20,15.56
2020-02-21,17.08
2020-02-24,25.03
2020-02-25,27.85
2020-02-26,27.56
2020-02-27,39.16
2020-02-28,40.11
2020-03-02,33.42
2020-03-03,36.82
2020-03-04,31.99
2020-03-05,39.62
2020-03-06,41.94
2020-03-09,54.46
2020-03-10,47.30
2020-03-11,53.90
2020-03-12,75.47
2020-03-13,57.83
2020-03-16,82.69
2020-03-17,75.91
2020-03-18,76.45
2020-03-19,72.00
2020-03-20,66.04
2020-03-23,61.59
2020-03-24,61.67
2020-03-25,63.95
2020-03-26,61.00
2020-03-27,65.54
2020-03-30,57.08
2020-03-31,53.54
2020-04-01,57.06
2020-04-02,50.91
2020-04-03,46.80
2020-04-06,45.24
2020-04-07,46.70
2020-04-08,43.35
2020-04-09,41.67
2020-04-13,41.17
2020-04-14,37.76
2020-04-15,40.84
2020-04-16,40.11
2020-04-17,38.15
2020-04-20,43.83
2020-04-21,45.41
2020-04-22,41.98
2020-04-23,41.38
2020-04-24,35.93
2020-04-27,33.29
2020-04-28,33.57
2020-04-29,31.23
2020-04-30,34.15
2020-05-01,37.19
2020-05-04,35.97
2020-05-05,33.61
2020-05-06,34.12
2020-05-07,31.44
2020-05-08,27.98
2020-05-11,27.57
2020-05-12,33.04
2020-05-13,35.28
2020-05-14,32.61
2020-05-15,31.89
2020-05-18,29.30
2020-05-19,30.53
2020-05-20,27.99
2020-05-21,29.53
2020-05-22,28.16
2020-05-26,28.01
2020-05-27,27.62
2020-05-28,28.59
2020-05-29,27.51
2020-06-01,28.23
2020-06-02,26.84
2020-06-03,25.66
2020-06-04,25.81
2020-06-05,24.52
2020-06-08,25.81
2020-06-09,27.57
2020-06-10,27.57
2020-06-11,40.79
2020-06-12,36.09
2020-06-15,34.40
2020-06-16,33.67
2020-06-17,33.47
2020-06-18,32.94
2020-06-19,35.12
2020-06-22,31.77
2020-06-23,31.37
2020-06-24,33.84
2020-06-25,32.22
2020-06-26,34.73
2020-06-29,31.78
2020-06-30,30.43
2020-07-01,28.62
2020-07-02,27.68
2020-07-06,27.94
2020-07-07,29.43
2020-07-08,28.08
2020-07-09,29.26
2020-07-10,27.29
2020-07-13,32.19
2020-07-14,29.52
2020-07-15,27.76
2020-07-16,28.00
2020-07-17,25.68
2020-07-20,24.46
2020-07-21,24.84
2020-07-22,24.32
2020-07-23,26.08
2020-07-24,25.84
2020-07-27,24.74
2020-07-28,25.44
2020-07-29,24.10
2020-07-30,24.76
2020-07-31,24.46
2020-08-03,24.28
2020-08-04,23.76
2020-08-05,22.99
2020-08-06,22.65
2020-08-07,22.21
2020-08-10,22.13
2020-08-11,24.03
2020-08-12,22.28
2020-08-13,22.13
2020-08-14,22.05
2020-08-17,21.35
2020-08-18,21.51
2020-08-19,22.54
2020-08-20,22.72
2020-08-21,22.54
2020-08-24,22.37
2020-08-25,22.03
2020-08-26,23.27
2020-08-27,24.47
2020-08-28,22.96
2020-08-31,26.41
2020-09-01,26.12
2020-09-02,26.57
2020-09-03,33.60
2020-09-04,30.75
2020-09-08,31.46
2020-09-09,28.81
2020-09-10,29.71
2020-09-11,26.87
2020-09-14,25.85
2020-09-15,25.59
2020-09-16,26.04
2020-09-17,26.46
2020-09-18,25.83
2020-09-21,27.78
2020-09-22,26.86
2020-09-23,28.58
2020-09-24,28.51
2020-09-25,26.38
2020-09-28,26.19
2020-09-29,26.27
2020-09-30,26.37
2020-10-01,26.70
2020-10-02,27.63
2020-10-05,27.96
2020-10-06,29.48
2020-10-07,28.06
2020-10-08,26.36
2020-10-09,25.00
2020-10-12,25.07
2020-10-13,26.07
2020-10-14,26.40
2020-10-15,26.97
2020-10-16,27.41
2020-10-19,29.18
2020-10-20,29.35
2020-10-21,28.65
2020-10-22,28.11
2020-10-23,27.55
2020-10-26,32.46
2020-10-27,33.35
2020-10-28,40.28
2020-10-29,37.59
2020-10-30,38.02
2020-11-02,37.13
2020-11-03,35.55
2020-11-04,29.57
2020-11-05,27.58
2020-11-06,24.86
2020-11-09,25.75
2020-11-10,24.80
2020-11-11,23.45
2020-11-12,25.35
2020-11-13,23.10
2020-11-16,22.45
2020-11-17,22.71
2020-11-18,23.84
2020-11-19,23.11
2020-11-20,23.70
2020-11-23,22.66
2020-11-24,21.64
2020-11-25,21.25
2020-11-27,20.84
2020-11-30,20.57
2020-12-01,20.77
2020-12-02,21.17
2020-12-03,21.28
2020-12-04,20.79
2020-12-07,21.30
2020-12-08,20.68
2020-12-09,22.27
2020-12-10,22.52
2020-12-11,23.31
2020-12-14,24.72
2020-12-15,22.89
2020-12-16,22.50
2020-12-17,21.93
2020-12-18,21.57
2020-12-21,25.16
2020-12-22,24.23
2020-12-23,23.31
2020-12-24,21.53
2020-12-28,21.70
2020-12-29,23.08
2020-12-30,22.77
2020-12-31,22.75
2021-01-04,26.97
2021-01-05,25.34
2021-01-06,25.07
2021-01-07,22.37
2021-01-08,21.56
2021-01-11,24.08
2021-01-12,23.33
2021-01-13,22.21
2021-01-14,23.25
2021-01-15,24.34
2021-01-19,23.24
2021-01-20,21.58
2021-01-21,21.32
2021-01-22,21.91
2021-01-25,23.19
2021-01-26,23.02
2021-01-27,37.21
2021-01-28,30.21
2021-01-29,33.09
2021-02-01,30.24
2021-02-02,25.56
2021-02-03,22.91
2021-02-04,21.77
2021-02-05,20.87
2021-02-08,21.24
2021-02-09,21.63
2021-02-10,21.99
2021-02-11,21.25
2021-02-12,19.97
2021-02-16,21.46
2021-02-17,21.50
2021-02-18,22.49
2021-02-19,22.05
2021-02-22,23.45
2021-02-23,23.11
2021-02-24,21.34
2021-02-25,28.89
2021-02-26,27.95
2021-03-01,23.35
2021-03-02,24.10
2021-03-03,26.67
2021-03-04,28.57
2021-03-05,24.66
2021-03-08,25.47
2021-03-09,24.03
2021-03-10,22.56
2021-03-11,21.91
2021-03-12,20.69
2021-03-15,20.03
2021-03-16,19.79
2021-03-17,19.23
2021-03-18,21.58
2021-03-19,20.95
2021-03-22,18.88
2021-03-23,20.30
2021-03-24,21.20
2021-03-25,19.81
2021-03-26,18.86
2021-03-29,20.74
2021-03-30,19.61
2021-03-31,19.40
2021-04-01,17.33
2021-04-02,
2021-04-05,17.91
2021-04-06,18.12
2021-04-07,17.16
2021-04-08,16.95
2021-04-09,16.69
2021-04-12,16.91
2021-04-13,16.65
2021-04-14,16.99
2021-04-15,16.57
2021-04-16,16.25
2021-04-19,17.29
2021-04-20,18.68
2021-04-21,17.50
2021-04-22,18.71
2021-04-23,17.33
2021-04-26,17.64
2021-04-27,17.56
2021-04-28,17.28
2021-04-29,17.61
2021-04-30,18.61
2021-05-03,18.31
2021-05-04,19.48
2021-05-05,19.15
2021-05-06,18.39
2021-05-07,16.69
2021-05-10,19.66
2021-05-11,21.84
2021-05-12,27.59
2021-05-13,23.13
2021-05-14,18.81
2021-05-17,19.72
2021-05-18,21.34
2021-05-19,22.18
2021-05-20,20.67
2021-05-21,20.15
2021-05-24,18.40
2021-05-25,18.84
2021-05-26,17.36
2021-05-27,16.74
2021-05-28,16.76
2021-06-01,17.90
2021-06-02,17.48
2021-06-03,18.04
2021-06-04,16.42
2021-06-07,16.42
2021-06-08,17.07
2021-06-09,17.89
2021-06-10,16.10
2021-06-11,15.65
2021-06-14,16.39
2021-06-15,17.02
2021-06-16,18.15
2021-06-17,17.75
2021-06-18,20.70
2021-06-21,17.89
2021-06-22,16.66
2021-06-23,16.32
2021-06-24,15.97
2021-06-25,15.62
2021-06-28,15.76
2021-06-29,16.02
2021-06-30,15.83
2021-07-01,15.48
2021-07-02,15.07
2021-07-06,16.44
2021-07-07,16.20
2021-07-08,19.00
2021-07-09,16.18
2021-07-12,16.17
2021-07-13,17.12
2021-07-14,16.33
2021-07-15,17.01
2021-07-16,18.45
2021-07-19,22.50
2021-07-20,19.73
2021-07-21,17.91
2021-07-22,17.69
2021-07-23,17.20
2021-07-25,
2021-07-26,17.58
2021-07-27,19.36
2021-07-28,18.31
2021-07-29,17.70
2021-07-30,18.24
2021-08-02,19.46
2021-08-03,18.04
2021-08-04,17.97
2021-08-05,17.28
2021-08-06,16.15
2021-08-09,16.72
2021-08-10,16.79
2021-08-11,16.06
2021-08-12,15.59
2021-08-13,15.45
2021-08-16,16.12
2021-08-17,17.91
2021-08-18,21.57
2021-08-19,21.67
2021-08-20,18.56
2021-08-23,17.15
2021-08-24,17.22
2021-08-25,16.79
2021-08-26,18.84
2021-08-27,16.39
2021-08-30,16.19
2021-08-31,16.48
2021-09-01,16.11
2021-09-02,16.41
2021-09-03,16.41
2021-09-07,18.14
2021-09-08,17.96
2021-09-09,18.80
2021-09-10,20.95
2021-09-13,19.37
2021-09-14,19.46
2021-09-15,18.18
2021-09-16,18.69
2021-09-17,20.81
2021-09-20,25.71
2021-09-21,24.36
2021-09-22,20.87
2021-09-23,18.63
2021-09-24,17.75
2021-09-27,18.76
2021-09-28,23.25
2021-09-29,22.56
2021-09-30,23.14
2021-10-01,21.15
2021-10-04,22.96
2021-10-05,21.30
2021-10-06,21.00
2021-10-07,19.54
2021-10-08,18.77
2021-10-11,20.00
2021-10-12,19.85
2021-10-13,18.64
2021-10-14,16.86
2021-10-15,16.30
2021-10-18,16.31
2021-10-19,15.70
2021-10-20,15.49
2021-10-21,15.01
2021-10-22,15.43
2021-10-25,15.24
2021-10-26,15.98
2021-10-27,16.98
2021-10-28,16.53
2021-10-29,16.26
2021-11-01,16.41
2021-11-02,16.03
2021-11-03,15.10
2021-11-04,15.44
2021-11-05,16.48
2021-11-08,17.22
2021-11-09,17.78
2021-11-10,18.73
2021-11-11,17.66
2021-11-12,16.29
2021-11-15,16.49
2021-11-16,16.37
2021-11-17,17.11
2021-11-18,17.59
2021-11-19,17.91
2021-11-22,19.17
2021-11-23,19.38
2021-11-24,18.58
2021-11-26,28.62
2021-11-29,22.96
2021-11-30,27.19
2021-12-01,31.12
2021-12-02,27.95
2021-12-03,30.67
2021-12-06,27.18
2021-12-07,21.89
2021-12-08,19.90
2021-12-09,21.58
2021-12-10,18.69
2021-12-13,20.31
2021-12-14,21.89
2021-12-15,19.29
2021-12-16,20.57
2021-12-17,21.57
2021-12-20,22.87
2021-12-21,21.01
2021-12-22,18.63
2021-12-23,17.96
2021-12-24,
2021-12-27,17.68
2021-12-28,17.54
2021-12-29,16.95
2021-12-30,17.33
2021-12-31,17.22
2022-01-03,16.60
2022-01-04,16.91
2022-01-05,19.73
2022-01-06,19.61
2022-01-07,18.76
2022-01-10,19.40
2022-01-11,18.41
2022-01-12,17.62
2022-01-13,20.31
2022-01-14,19.19
2022-01-18,22.79
2022-01-19,23.85
2022-01-20,25.59
2022-01-21,28.85
2022-01-24,29.90
2022-01-25,31.16
2022-01-26,31.96
2022-01-27,30.49
2022-01-28,27.66
2022-01-31,24.83
2022-02-01,21.96
2022-02-02,22.09
2022-02-03,24.35
2022-02-04,23.22
2022-02-07,22.86
2022-02-08,21.44
2022-02-09,19.96
2022-02-10,23.91
2022-02-11,27.36
2022-02-14,28.33
2022-02-15,25.70
2022-02-16,24.29
2022-02-17,28.11
2022-02-18,27.75
2022-02-22,28.81
2022-02-23,31.02
2022-02-24,30.32
2022-02-25,27.59
2022-02-28,30.15
2022-03-01,33.32
2022-03-02,30.74
2022-03-03,30.48
2022-03-04,31.98
2022-03-07,36.45
2022-03-08,35.13
2022-03-09,32.45
2022-03-10,30.23
2022-03-11,30.75
2022-03-14,31.77
2022-03-15,29.83
2022-03-16,26.67
2022-03-17,25.67
2022-03-18,23.87
2022-03-21,23.53
2022-03-22,22.94
2022-03-23,23.57
2022-03-24,21.67
2022-03-25,20.81
2022-03-28,19.63
2022-03-29,18.90
2022-03-30,19.33
2022-03-31,20.56
2022-04-01,19.63
2022-04-04,18.57
2022-04-05,21.03
2022-04-06,22.10
2022-04-07,21.55
2022-04-08,21.16
2022-04-11,24.37
2022-04-12,24.26
2022-04-13,21.82
2022-04-14,22.70
2022-04-18,22.17
2022-04-19,21.37
2022-04-20,20.32
2022-04-21,22.68
2022-04-22,28.21
2022-04-25,27.02
2022-04-26,33.52
2022-04-27,31.60
2022-04-28,29.99
2022-04-29,33.40
2022-05-02,32.34
2022-05-03,29.25
2022-05-04,25.42
2022-05-05,31.20
2022-05-06,30.19
2022-05-09,34.75
2022-05-10,32.99
2022-05-11,32.56
2022-05-12,31.77
2022-05-13,28.87
2022-05-16,27.47
2022-05-17,26.10
2022-05-18,30.96
2022-05-19,29.35
2022-05-20,29.43
2022-05-23,28.48
2022-05-24,29.45
2022-05-25,28.37
2022-05-26,27.50
2022-05-27,25.72
2022-05-30,26.54
2022-05-31,26.19
2022-06-01,25.69
2022-06-02,24.72
2022-06-03,24.79
2022-06-06,25.07
2022-06-07,24.02
2022-06-08,23.96
2022-06-09,26.09
2022-06-10,27.75
2022-06-13,34.02
2022-06-14,32.69
2022-06-15,29.62
2022-06-16,32.95
2022-06-17,31.13
2022-06-20,31.03
2022-06-21,30.19
2022-06-22,28.95
2022-06-23,29.05
2022-06-24,27.23
2022-06-27,26.95
2022-06-28,28.36
2022-06-29,28.16
2022-06-30,28.71
2022-07-01,26.70
2022-07-04,27.53
2022-07-05,27.54
2022-07-06,26.73
2022-07-07,26.08
2022-07-08,24.64
2022-07-11,26.17
2022-07-12,27.29
2022-07-13,26.82
2022-07-14,26.40
2022-07-15,24.23
2022-07-18,25.30
2022-07-19,24.50
2022-07-20,23.88
2022-07-21,23.11
2022-07-22,23.03
2022-07-25,23.36
2022-07-26,24.69
2022-07-27,23.24
2022-07-28,22.33
2022-07-29,21.33
2022-08-01,22.84
2022-08-02,23.93
2022-08-03,21.95
2022-08-04,21.44
2022-08-05,21.15
2022-08-08,21.29
2022-08-09,21.77
2022-08-10,19.74
2022-08-11,20.20
2022-08-12,19.53
2022-08-15,19.95
2022-08-16,19.69
2022-08-17,19.90
2022-08-18,19.56
2022-08-19,20.60
2022-08-22,23.80
2022-08-23,24.11
2022-08-24,22.82
2022-08-25,21.78
2022-08-26,25.56
2022-08-29,26.21
2022-08-30,26.21
2022-08-31,25.87
2022-09-01,25.56
2022-09-02,25.47
2022-09-05,25.99
2022-09-06,26.91
2022-09-07,24.64
2022-09-08,23.61
2022-09-09,22.79
2022-09-12,23.87
2022-09-13,27.27
2022-09-14,26.16
2022-09-15,26.27
2022-09-16,26.30
2022-09-19,25.76
2022-09-20,27.16
2022-09-21,27.99
2022-09-22,27.35
2022-09-23,29.92
2022-09-26,32.26
2022-09-27,32.60
2022-09-28,30.18
2022-09-29,31.84
2022-09-30,31.62
2022-10-03,30.10
2022-10-04,29.07
2022-10-05,28.55
2022-10-06,30.52
2022-10-07,31.36
2022-10-10,32.45
2022-10-11,33.63
2022-10-12,33.57
2022-10-13,31.94
2022-10-14,32.02
2022-10-17,31.37
2022-10-18,30.50
2022-10-19,30.76
2022-10-20,29.98
2022-10-21,29.69
2022-10-24,29.85
2022-10-25,28.46
2022-10-26,27.28
2022-10-27,27.39
2022-10-28,25.75
2022-10-31,25.88
2022-11-01,25.81
2022-11-02,25.86
2022-11-03,25.30
2022-11-04,24.55
2022-11-07,24.35
2022-11-08,25.54
2022-11-09,26.09
2022-11-10,23.53
2022-11-11,22.52
2022-11-14,23.73
2022-11-15,24.54
2022-11-16,24.11
2022-11-17,23.93
2022-11-18,23.12
2022-11-21,22.36
2022-11-22,21.29
2022-11-23,20.35
2022-11-24,20.42
2022-11-25,20.50
2022-11-28,22.21
2022-11-29,21.89
2022-11-30,20.58
2022-12-01,19.84
2022-12-02,19.06
2022-12-05,20.75
2022-12-06,22.17
2022-12-07,22.68
2022-12-08,22.29
2022-12-09,22.83
2022-12-12,25.00
2022-12-13,22.55
2022-12-14,21.14
2022-12-15,22.83
2022-12-16,22.62
2022-12-19,22.42
2022-12-20,21.48
2022-12-21,20.07
2022-12-22,21.97
2022-12-23,20.87
2022-12-27,21.65
2022-12-28,22.14
2022-12-29,21.44
2022-12-30,21.67
2023-01-03,22.90
2023-01-04,22.01
2023-01-05,22.46
2023-01-06,21.13
2023-01-09,21.97
2023-01-10,20.58
2023-01-11,21.09
2023-01-12,18.83
2023-01-13,18.35
2023-01-16,19.49
2023-01-17,19.36
2023-01-18,20.34
2023-01-19,20.52
2023-01-20,19.85
2023-01-23,19.81
2023-01-24,19.20
2023-01-25,19.08
2023-01-26,18.73
2023-01-27,18.51
2023-01-30,19.94
2023-01-31,19.40
2023-02-01,17.87
2023-02-02,18.73
2023-02-03,18.33
2023-02-06,19.43
2023-02-07,18.66
2023-02-08,19.63
2023-02-09,20.71
2023-02-10,20.53
2023-02-13,20.34
2023-02-14,18.91
2023-02-15,18.23
2023-02-16,20.17
2023-02-17,20.02
2023-02-20,21.23
2023-02-21,22.87
2023-02-22,22.29
2023-02-23,21.14
2023-02-24,21.67
2023-02-27,20.95
2023-02-28,20.70
2023-03-01,20.58
2023-03-02,19.59
2023-03-03,18.49
2023-03-06,18.61
2023-03-07,19.59
2023-03-08,19.11
2023-03-09,22.61
2023-03-10,24.80
2023-03-13,26.52
2023-03-14,23.73
2023-03-15,26.14
2023-03-16,22.99
2023-03-17,25.51
2023-03-20,24.15
2023-03-21,21.38
2023-03-22,22.26
2023-03-23,22.61
2023-03-24,21.74
2023-03-27,20.60
2023-03-28,19.97
2023-03-29,19.12
2023-03-30,19.02
2023-03-31,18.70
2023-04-03,18.55
2023-04-04,19.00
2023-04-05,19.08
2023-04-06,18.40
2023-04-10,18.97
2023-04-11,19.10
2023-04-12,19.09
2023-04-13,17.80
2023-04-14,17.07
2023-04-17,16.95
2023-04-18,16.83
2023-04-19,16.46
2023-04-20,17.17
2023-04-21,16.77
2023-04-24,16.89
2023-04-25,18.76
2023-04-26,18.84
2023-04-27,17.03
2023-04-28,15.78
2023-05-01,16.08
2023-05-02,17.78
2023-05-03,18.34
2023-05-04,20.09
2023-05-05,17.19
2023-05-08,16.98
2023-05-09,17.71
2023-05-10,16.94
2023-05-11,16.93
2023-05-12,17.03
2023-05-15,17.12
2023-05-16,17.99
2023-05-17,16.87
2023-05-18,16.05
2023-05-19,16.81
2023-05-22,17.21
2023-05-23,18.53
2023-05-24,20.03
2023-05-25,19.14
2023-05-26,17.95
2023-05-29,17.46
2023-05-30,17.46
2023-05-31,17.94
2023-06-01,15.65
2023-06-02,14.60
2023-06-05,14.73
2023-06-06,13.96
2023-06-07,13.94
2023-06-08,13.65
2023-06-09,13.83
2023-06-12,15.01
2023-06-13,14.61
2023-06-14,13.88
2023-06-15,14.50
2023-06-16,13.54
2023-06-19,14.19
2023-06-20,13.88
2023-06-21,13.20
2023-06-22,12.91
2023-06-23,13.44
2023-06-26,14.25
2023-06-27,13.74
2023-06-28,13.43
2023-06-29,13.54
2023-06-30,13.59
2023-07-03,13.57
2023-07-04,13.70
2023-07-05,14.18
2023-07-06,15.44
2023-07-07,14.83
2023-07-10,15.07
2023-07-11,14.84
2023-07-12,13.54
2023-07-13,13.61
2023-07-14,13.34
2023-07-17,13.48
2023-07-18,13.30
2023-07-19,13.76
2023-07-20,13.99
2023-07-21,13.60
2023-07-24,13.91
2023-07-25,13.86
2023-07-26,13.19
2023-07-27,14.41
2023-07-28,13.33
2023-07-31,13.63
2023-08-01,13.93
2023-08-02,16.09
2023-08-03,15.92
2023-08-04,17.10
2023-08-07,15.77
2023-08-08,15.99
2023-08-09,15.96
2023-08-10,15.85
2023-08-11,14.84
2023-08-14,14.82
2023-08-15,16.46
2023-08-16,16.78
2023-08-17,17.89
2023-08-18,17.30
2023-08-21,17.13
2023-08-22,16.97
2023-08-23,15.98
2023-08-24,17.20
2023-08-25,15.68
2023-08-28,15.08
2023-08-29,14.45
2023-08-30,13.88
2023-08-31,13.57
2023-09-01,13.09
2023-09-04,13.82
2023-09-05,14.01
2023-09-06,14.45
2023-09-07,14.40
2023-09-08,13.84
2023-09-11,13.80
2023-09-12,14.23
2023-09-13,13.48
2023-09-14,12.82
2023-09-15,13.79
2023-09-18,14.00
2023-09-19,14.11
2023-09-20,15.14
2023-09-21,17.54
2023-09-22,17.20
2023-09-25,16.90
2023-09-26,18.94
2023-09-27,18.22
2023-09-28,17.34
2023-09-29,17.52
2023-10-02,17.61
2023-10-03,19.78
2023-10-04,18.58
2023-10-05,18.49
2023-10-06,17.45
2023-10-09,17.70
2023-10-10,17.03
2023-10-11,16.09
2023-10-12,16.69
2023-10-13,19.32
2023-10-16,17.21
2023-10-17,17.88
2023-10-18,19.22
2023-10-19,21.40
2023-10-20,21.71
2023-10-23,20.37
2023-10-24,18.97
2023-10-25,20.19
2023-10-26,20.68
2023-10-27,21.27
2023-10-30,19.75
2023-10-31,18.14
2023-11-01,16.87
2023-11-02,15.66
2023-11-03,14.91
2023-11-06,14.89
2023-11-07,14.81
2023-11-08,14.45
2023-11-09,15.29
2023-11-10,14.17
2023-11-13,14.76
2023-11-14,14.16
2023-11-15,14.18
2023-11-16,14.32
2023-11-17,13.80
2023-11-20,13.41
2023-11-21,13.35
2023-11-22,12.85
2023-11-23,12.80
2023-11-24,12.46
2023-11-27,12.69
2023-11-28,12.69
2023-11-29,12.98
2023-11-30,12.92
2023-12-01,12.63
2023-12-04,13.08
2023-12-05,12.85
2023-12-06,12.97
2023-12-07,13.06
2023-12-08,12.35
2023-12-11,12.63
2023-12-12,12.07
2023-12-13,12.19
2023-12-14,12.48
2023-12-15,12.28
2023-12-18,12.56
2023-12-19,12.53
2023-12-20,13.67
2023-12-21,13.65
2023-12-22,13.03
2023-12-26,12.99
2023-12-27,12.43
2023-12-28,12.47
2023-12-29,12.45
2024-01-02,13.20
2024-01-03,14.04
2024-01-04,14.13
2024-01-05,13.35
2024-01-08,13.08
2024-01-09,12.76
2024-01-10,12.69
2024-01-11,12.44
2024-01-12,12.70
2024-01-15,13.25
2024-01-16,13.84
2024-01-17,14.79
2024-01-18,14.13
2024-01-19,13.30
2024-01-22,13.19
2024-01-23,12.55
2024-01-24,13.14
2024-01-25,13.45
2024-01-26,13.26
2024-01-29,13.60
2024-01-30,13.31
2024-01-31,14.35
