DATE,vwretd
2010-01-04,0.017123
2010-01-05,0.003374
2010-01-06,0.002046
2010-01-07,0.002860
2010-01-08,0.004173
2010-01-11,0.001141
2010-01-12,-0.010995
2010-01-13,0.008636
2010-01-14,0.002307
2010-01-15,-0.011325
2010-01-19,0.012057
2010-01-20,-0.011075
2010-01-21,-0.017773
2010-01-22,-0.021002
2010-01-25,0.003901
2010-01-26,-0.004922
2010-01-27,0.004186
2010-01-28,-0.011333
2010-01-29,-0.010302
2010-02-01,0.015111
2010-02-02,0.012229
2010-02-03,-0.004982
2010-02-04,-0.031982
2010-02-05,0.002653
2010-02-08,-0.008235
2010-02-09,0.013880
2010-02-10,-0.001476
2010-02-11,0.012086
2010-02-12,-0.000652
2010-02-16,0.017979
2010-02-17,0.004659
2010-02-18,0.006192
2010-02-19,0.002459
2010-02-22,-0.001114
2010-02-23,-0.013085
2010-02-24,0.008534
2010-02-25,-0.000709
2010-02-26,0.001843
2010-03-01,0.011987
2010-03-02,0.004423
2010-03-03,0.001605
2010-03-04,0.003100
2010-03-05,0.014507
2010-03-08,0.000714
2010-03-09,0.001653
2010-03-10,0.005048
2010-03-11,0.003968
2010-03-12,0.000759
2010-03-15,-0.000684
2010-03-16,0.008745
2010-03-17,0.005613
2010-03-18,-0.002034
2010-03-19,-0.006911
2010-03-22,0.005863
2010-03-23,0.007665
2010-03-24,-0.006621
2010-03-25,-0.002437
2010-03-26,0.000678
2010-03-29,0.006797
2010-03-30,0.000458
2010-03-31,-0.002766
2010-04-01,0.008641
2010-04-05,0.009547
2010-04-06,0.002121
2010-04-07,-0.005367
2010-04-08,0.002831
2010-04-09,0.006705
2010-04-12,0.001771
2010-04-13,0.000740
2010-04-14,0.012332
2010-04-15,0.000089
2010-04-16,-0.016121
2010-04-19,0.002261
2010-04-20,0.009813
2010-04-21,-0.000540
2010-04-22,0.003577
2010-04-23,0.007444
2010-04-26,-0.003232
2010-04-27,-0.023848
2010-04-28,0.005240
2010-04-29,0.013643
2010-04-30,-0.016839
2010-05-03,0.012859
2010-05-04,-0.025371
2010-05-05,-0.009209
2010-05-06,-0.032542
2010-05-07,-0.015859
2010-05-10,0.044920
2010-05-11,-0.000949
2010-05-12,0.016270
2010-05-13,-0.010838
2010-05-14,-0.019413
2010-05-17,-0.000579
2010-05-18,-0.013644
2010-05-19,-0.007142
2010-05-20,-0.040377
2010-05-21,0.015298
2010-05-24,-0.012043
2010-05-25,-0.000159
2010-05-26,-0.002863
2010-05-27,0.035093
2010-05-28,-0.011760
2010-06-01,-0.018508
2010-06-02,0.026567
2010-06-03,0.004783
2010-06-04,-0.035862
2010-06-07,-0.014030
2010-06-08,0.009235
2010-06-09,-0.003825
2010-06-10,0.029517
2010-06-11,0.006194
2010-06-14,0.000013
2010-06-15,0.023852
2010-06-16,-0.001219
2010-06-17,0.000896
2010-06-18,0.001710
2010-06-21,-0.004309
2010-06-22,-0.016156
2010-06-23,-0.002917
2010-06-24,-0.016272
2010-06-25,0.006060
2010-06-28,-0.003129
2010-06-29,-0.032886
2010-06-30,-0.008948
2010-07-01,-0.003930
2010-07-02,-0.004749
2010-07-06,0.003316
2010-07-07,0.030891
2010-07-08,0.009561
2010-07-09,0.008916
2010-07-12,-0.001350
2010-07-13,0.017213
2010-07-14,-0.000642
2010-07-15,0.000415
2010-07-16,-0.028543
2010-07-19,0.004999
2010-07-20,0.012639
2010-07-21,-0.012835
2010-07-22,0.023576
2010-07-23,0.009631
2010-07-26,0.011615
2010-07-27,-0.002541
2010-07-28,-0.007459
2010-07-29,-0.002589
2010-07-30,0.001513
2010-08-02,0.020555
2010-08-03,-0.005157
2010-08-04,0.007461
2010-08-05,-0.002496
2010-08-06,-0.003549
2010-08-09,0.005856
2010-08-10,-0.007992
2010-08-11,-0.029230
2010-08-12,-0.004674
2010-08-13,-0.003874
2010-08-16,0.001455
2010-08-17,0.013886
2010-08-18,0.002330
2010-08-19,-0.016704
2010-08-20,-0.003305
2010-08-23,-0.004861
2010-08-24,-0.014445
2010-08-25,0.004577
2010-08-26,-0.006625
2010-08-27,0.018433
2010-08-30,-0.014218
2010-08-31,0.000119
2010-09-01,0.029106
2010-09-02,0.009547
2010-09-03,0.012980
2010-09-07,-0.011863
2010-09-08,0.006330
2010-09-09,0.003763
2010-09-10,0.004477
2010-09-13,0.012869
2010-09-14,-0.000108
2010-09-15,0.002952
2010-09-16,-0.000750
2010-09-17,0.001128
2010-09-20,0.015179
2010-09-21,-0.003097
2010-09-22,-0.005023
2010-09-23,-0.008117
2010-09-24,0.021202
2010-09-27,-0.004459
2010-09-28,0.005787
2010-09-29,-0.001083
2010-09-30,-0.001975
2010-10-01,0.004939
2010-10-04,-0.008293
2010-10-05,0.020563
2010-10-06,-0.000333
2010-10-07,-0.002121
2010-10-08,0.007621
2010-10-11,0.000566
2010-10-12,0.003647
2010-10-13,0.008784
2010-10-14,-0.003666
2010-10-15,0.000702
2010-10-18,0.006296
2010-10-19,-0.017210
2010-10-20,0.011274
2010-10-21,0.000265
2010-10-22,0.002654
2010-10-25,0.003724
2010-10-26,-0.000427
2010-10-27,-0.003317
2010-10-28,0.001141
2010-10-29,0.001662
2010-11-01,0.000145
2010-11-02,0.009053
2010-11-03,0.003439
2010-11-04,0.019913
2010-11-05,0.004019
2010-11-08,-0.000910
2010-11-09,-0.008463
2010-11-10,0.005389
2010-11-11,-0.003605
2010-11-12,-0.013391
2010-11-15,-0.001330
2010-11-16,-0.016850
2010-11-17,0.001622
2010-11-18,0.015558
2010-11-19,0.003742
2010-11-22,-0.000273
2010-11-23,-0.014121
2010-11-24,0.015679
2010-11-26,-0.006877
2010-11-29,-0.000917
2010-11-30,-0.005788
2010-12-01,0.020817
2010-12-02,0.012228
2010-12-03,0.003962
2010-12-06,0.000025
2010-12-07,0.000191
2010-12-08,0.001544
2010-12-09,0.003574
2010-12-10,0.006422
2010-12-13,0.000182
2010-12-14,0.000271
2010-12-15,-0.005256
2010-12-16,0.005846
2010-12-17,0.001571
2010-12-20,0.001818
2010-12-21,0.007205
2010-12-22,0.003135
2010-12-23,-0.001198
2010-12-27,0.000668
2010-12-28,0.000786
2010-12-29,0.002732
2010-12-30,-0.000803
2010-12-31,-0.000232
2011-01-03,0.011212
2011-01-04,-0.003895
2011-01-05,0.005382
2011-01-06,-0.002515
2011-01-07,-0.001949
2011-01-10,-0.000709
2011-01-11,0.005048
2011-01-12,0.009014
2011-01-13,-0.001889
2011-01-14,0.006630
2011-01-18,0.002176
2011-01-19,-0.012250
2011-01-20,-0.003837
2011-01-21,0.001261
2011-01-24,0.006289
2011-01-25,-0.000428
2011-01-26,0.007332
2011-01-27,0.002133
2011-01-28,-0.017202
2011-01-31,0.007617
2011-02-01,0.017025
2011-02-02,-0.002229
2011-02-03,0.002924
2011-02-04,0.002176
2011-02-07,0.006123
2011-02-08,0.004549
2011-02-09,-0.003443
2011-02-10,0.001336
2011-02-11,0.006111
2011-02-14,0.003401
2011-02-15,-0.003182
2011-02-16,0.007533
2011-02-17,0.003947
2011-02-18,0.001222
2011-02-22,-0.021060
2011-02-23,-0.006562
2011-02-24,-0.000133
2011-02-25,0.012937
2011-02-28,0.005329
2011-03-01,-0.014899
2011-03-02,0.002852
2011-03-03,0.016096
2011-03-04,-0.005901
2011-03-07,-0.009407
2011-03-08,0.008080
2011-03-09,-0.002434
2011-03-10,-0.019788
2011-03-11,0.006951
2011-03-14,-0.005489
2011-03-15,-0.011151
2011-03-16,-0.016642
2011-03-17,0.012213
2011-03-18,0.004860
2011-03-21,0.016440
2011-03-22,-0.003234
2011-03-23,0.002876
2011-03-24,0.008544
2011-03-25,0.003113
2011-03-28,-0.003335
2011-03-29,0.007160
2011-03-30,0.008218
2011-03-31,-0.000593
2011-04-01,0.005433
2011-04-04,0.001160
2011-04-05,0.001326
2011-04-06,0.001737
2011-04-07,-0.002252
2011-04-08,-0.003389
2011-04-11,-0.004734
2011-04-12,-0.009253
2011-04-13,0.001298
2011-04-14,0.000539
2011-04-15,0.003973
2011-04-18,-0.011622
2011-04-19,0.005708
2011-04-20,0.014273
2011-04-21,0.005889
2011-04-25,-0.001856
2011-04-26,0.008145
2011-04-27,0.006150
2011-04-28,0.002931
2011-04-29,0.003119
2011-05-02,-0.003556
2011-05-03,-0.006647
2011-05-04,-0.007976
2011-05-05,-0.009455
2011-05-06,0.004607
2011-05-09,0.006152
2011-05-10,0.008462
2011-05-11,-0.012229
2011-05-12,0.004040
2011-05-13,-0.008906
2011-05-16,-0.006959
2011-05-17,-0.000647
2011-05-18,0.010749
2011-05-19,0.002334
2011-05-20,-0.006774
2011-05-23,-0.013016
2011-05-24,-0.000403
2011-05-25,0.005078
2011-05-26,0.005337
2011-05-27,0.005110
2011-05-31,0.010293
2011-06-01,-0.023082
2011-06-02,-0.000631
2011-06-03,-0.009298
2011-06-06,-0.012456
2011-06-07,0.000287
2011-06-08,-0.005975
2011-06-09,0.007456
2011-06-10,-0.014079
2011-06-13,-0.000908
2011-06-14,0.013866
2011-06-15,-0.017302
2011-06-16,-0.000117
2011-06-17,0.002157
2011-06-20,0.005343
2011-06-21,0.015899
2011-06-22,-0.005482
2011-06-23,-0.002590
2011-06-24,-0.010575
2011-06-27,0.008070
2011-06-28,0.013694
2011-06-29,0.008738
2011-06-30,0.009702
2011-07-01,0.013475
2011-07-05,-0.000024
2011-07-06,0.001143
2011-07-07,0.010635
2011-07-08,-0.006343
2011-07-11,-0.019356
2011-07-12,-0.003812
2011-07-13,0.005006
2011-07-14,-0.008051
2011-07-15,0.006170
2011-07-18,-0.009490
2011-07-19,0.016167
2011-07-20,0.000059
2011-07-21,0.012262
2011-07-22,0.001437
2011-07-25,-0.006279
2011-07-26,-0.004540
2011-07-27,-0.021650
2011-07-28,-0.002935
2011-07-29,-0.005607
2011-08-01,-0.003619
2011-08-02,-0.025672
2011-08-03,0.004954
2011-08-04,-0.050378
2011-08-05,-0.004794
2011-08-08,-0.068712
2011-08-09,0.051244
2011-08-10,-0.038591
2011-08-11,0.045274
2011-08-12,0.004753
2011-08-15,0.022835
2011-08-16,-0.010898
2011-08-17,0.000841
2011-08-18,-0.045340
2011-08-19,-0.015359
2011-08-22,0.000040
2011-08-23,0.033764
2011-08-24,0.011574
2011-08-25,-0.015902
2011-08-26,0.016430
2011-08-29,0.029636
2011-08-30,0.003763
2011-08-31,0.005093
2011-09-01,-0.012131
2011-09-02,-0.024645
2011-09-06,-0.008152
2011-09-07,0.029164
2011-09-08,-0.010889
2011-09-09,-0.026597
2011-09-12,0.004134
2011-09-13,0.010803
2011-09-14,0.012798
2011-09-15,0.015480
2011-09-16,0.003557
2011-09-19,-0.010951
2011-09-20,-0.004116
2011-09-21,-0.029444
2011-09-22,-0.034428
2011-09-23,0.005755
2011-09-26,0.021597
2011-09-27,0.012849
2011-09-28,-0.023703
2011-09-29,0.008235
2011-09-30,-0.024641
2011-10-03,-0.031922
2011-10-04,0.023667
2011-10-05,0.019662
2011-10-06,0.020566
2011-10-07,-0.010947
2011-10-10,0.034277
2011-10-11,0.001058
2011-10-12,0.011820
2011-10-13,-0.002954
2011-10-14,0.017735
2011-10-17,-0.020861
2011-10-18,0.020792
2011-10-19,-0.014171
2011-10-20,0.003898
2011-10-21,0.019264
2011-10-24,0.016798
2011-10-25,-0.019838
2011-10-26,0.011520
2011-10-27,0.036253
2011-10-28,0.000259
2011-10-31,-0.024655
2011-11-01,-0.028627
2011-11-02,0.017082
2011-11-03,0.019202
2011-11-04,-0.005570
2011-11-07,0.004900
2011-11-08,0.011216
2011-11-09,-0.037861
2011-11-10,0.007432
2011-11-11,0.019762
2011-11-14,-0.009371
2011-11-15,0.004531
2011-11-16,-0.015099
2011-11-17,-0.017213
2011-11-18,-0.000287
2011-11-21,-0.018665
2011-11-22,-0.003943
2011-11-23,-0.023246
2011-11-25,-0.003625
2011-11-28,0.030531
2011-11-29,0.002261
2011-11-30,0.043900
2011-12-01,-0.002276
2011-12-02,0.000109
2011-12-05,0.010297
2011-12-06,0.000382
2011-12-07,0.001915
2011-12-08,-0.022874
2011-12-09,0.017744
2011-12-12,-0.015558
2011-12-13,-0.011256
2011-12-14,-0.012735
2011-12-15,0.003744
2011-12-16,0.004972
2011-12-19,-0.012675
2011-12-20,0.030035
2011-12-21,0.002025
2011-12-22,0.008913
2011-12-23,0.007865
2011-12-27,0.000015
2011-12-28,-0.013647
2011-12-29,0.010781
2011-12-30,-0.002577
2012-01-03,0.016171
2012-01-04,-0.000454
2012-01-05,0.002932
2012-01-06,-0.002902
2012-01-09,0.002816
2012-01-10,0.010417
2012-01-11,0.000946
2012-01-12,0.003058
2012-01-13,-0.005319
2012-01-17,0.003902
2012-01-18,0.012304
2012-01-19,0.005595
2012-01-20,0.000882
2012-01-23,0.001609
2012-01-24,-0.000800
2012-01-25,0.009947
2012-01-26,-0.004903
2012-01-27,0.000702
2012-01-30,-0.003738
2012-01-31,-0.000083
2012-02-01,0.011210
2012-02-02,0.001833
2012-02-03,0.014682
2012-02-06,-0.000988
2012-02-07,0.001394
2012-02-08,0.002186
2012-02-09,0.001001
2012-02-10,-0.008389
2012-02-13,0.007442
2012-02-14,-0.001553
2012-02-15,-0.004222
2012-02-16,0.012475
2012-02-17,0.001385
2012-02-21,0.000156
2012-02-22,-0.003129
2012-02-23,0.005702
2012-02-24,0.001498
2012-02-27,0.000806
2012-02-28,0.002909
2012-02-29,-0.005684
2012-03-01,0.006807
2012-03-02,-0.004921
2012-03-05,-0.004560
2012-03-06,-0.017384
2012-03-07,0.007946
2012-03-08,0.010866
2012-03-09,0.004501
2012-03-12,-0.001366
2012-03-13,0.017621
2012-03-14,-0.003912
2012-03-15,0.006515
2012-03-16,0.001328
2012-03-19,0.004003
2012-03-20,-0.004507
2012-03-21,-0.001114
2012-03-22,-0.008117
2012-03-23,0.004484
2012-03-26,0.013964
2012-03-27,-0.003663
2012-03-28,-0.005519
2012-03-29,-0.001899
2012-03-30,0.003355
2012-04-02,0.008049
2012-04-03,-0.004445
2012-04-04,-0.011819
2012-04-05,-0.000801
2012-04-09,-0.011379
2012-04-10,-0.018023
2012-04-11,0.008519
2012-04-12,0.015087
2012-04-13,-0.012396
2012-04-16,-0.000582
2012-04-17,0.014951
2012-04-18,-0.004040
2012-04-19,-0.004662
2012-04-20,0.001632
2012-04-23,-0.009542
2012-04-24,0.003247
2012-04-25,0.013825
2012-04-26,0.006830
2012-04-27,0.003897
2012-04-30,-0.004314
2012-05-01,0.004876
2012-05-02,-0.002050
2012-05-03,-0.009948
2012-05-04,-0.015675
2012-05-07,0.000555
2012-05-08,-0.005355
2012-05-09,-0.006018
2012-05-10,0.002858
2012-05-11,-0.002767
2012-05-14,-0.012174
2012-05-15,-0.006030
2012-05-16,-0.004928
2012-05-17,-0.015851
2012-05-18,-0.008146
2012-05-21,0.017760
2012-05-22,-0.000478
2012-05-23,0.002815
2012-05-24,0.000983
2012-05-25,-0.001541
2012-05-29,0.011225
2012-05-30,-0.015504
2012-05-31,-0.001977
2012-06-01,-0.024513
2012-06-04,-0.001015
2012-06-05,0.007864
2012-06-06,0.022700
2012-06-07,-0.001369
2012-06-08,0.007115
2012-06-11,-0.013967
2012-06-12,0.011646
2012-06-13,-0.006954
2012-06-14,0.009500
2012-06-15,0.010111
2012-06-18,0.002190
2012-06-19,0.011640
2012-06-20,-0.001471
2012-06-21,-0.023472
2012-06-22,0.007254
2012-06-25,-0.015450
2012-06-26,0.004870
2012-06-27,0.009036
2012-06-28,-0.002109
2012-06-29,0.025635
2012-07-02,0.003868
2012-07-03,0.008966
2012-07-05,-0.004144
2012-07-06,-0.009964
2012-07-09,-0.002202
2012-07-10,-0.008814
2012-07-11,-0.000290
2012-07-12,-0.004878
2012-07-13,0.015261
2012-07-16,-0.002480
2012-07-17,0.006707
2012-07-18,0.006261
2012-07-19,0.002839
2012-07-20,-0.009917
2012-07-23,-0.010165
2012-07-24,-0.009426
2012-07-25,0.000714
2012-07-26,0.015513
2012-07-27,0.018950
2012-07-30,-0.000763
2012-07-31,-0.004994
2012-08-01,-0.004475
2012-08-02,-0.007294
2012-08-03,0.019230
2012-08-06,0.003534
2012-08-07,0.006358
2012-08-08,0.000179
2012-08-09,0.001648
2012-08-10,0.001869
2012-08-13,-0.001884
2012-08-14,-0.000019
2012-08-15,0.002741
2012-08-16,0.007905
2012-08-17,0.002655
2012-08-20,-0.000607
2012-08-21,-0.002329
2012-08-22,-0.000102
2012-08-23,-0.007320
2012-08-24,0.005494
2012-08-27,-0.000560
2012-08-28,0.000261
2012-08-29,0.000994
2012-08-30,-0.007798
2012-08-31,0.005891
2012-09-04,0.000688
2012-09-05,-0.000598
2012-09-06,0.019461
2012-09-07,0.005649
2012-09-10,-0.005683
2012-09-11,0.003437
2012-09-12,0.002652
2012-09-13,0.015280
2012-09-14,0.006142
2012-09-17,-0.004543
2012-09-18,-0.001776
2012-09-19,0.001305
2012-09-20,-0.001942
2012-09-21,0.000444
2012-09-24,-0.003088
2012-09-25,-0.010814
2012-09-26,-0.005527
2012-09-27,0.010046
2012-09-28,-0.004491
2012-10-01,0.002807
2012-10-02,0.001181
2012-10-03,0.002508
2012-10-04,0.007674
2012-10-05,-0.000150
2012-10-08,-0.003568
2012-10-09,-0.009763
2012-10-10,-0.005554
2012-10-11,0.001750
2012-10-12,-0.003502
2012-10-15,0.007240
2012-10-16,0.009941
2012-10-17,0.005086
2012-10-18,-0.002676
2012-10-19,-0.015612
2012-10-22,0.000193
2012-10-23,-0.012926
2012-10-24,-0.002612
2012-10-25,0.003301
2012-10-26,-0.001382
2012-10-31,0.002480
2012-11-01,0.011214
2012-11-02,-0.009745
2012-11-05,0.002234
2012-11-06,0.007865
2012-11-07,-0.021060
2012-11-08,-0.011580
2012-11-09,0.000949
2012-11-12,-0.000216
2012-11-13,-0.004153
2012-11-14,-0.014701
2012-11-15,-0.002925
2012-11-16,0.006186
2012-11-19,0.019178
2012-11-20,0.000983
2012-11-21,0.003130
2012-11-23,0.012722
2012-11-26,-0.001641
2012-11-27,-0.004418
2012-11-28,0.007475
2012-11-29,0.005422
2012-11-30,0.000274
2012-12-03,-0.004214
2012-12-04,-0.001277
2012-12-05,0.001758
2012-12-06,0.002844
2012-12-07,0.002524
2012-12-10,0.001534
2012-12-11,0.006153
2012-12-12,0.000255
2012-12-13,-0.005872
2012-12-14,-0.003089
2012-12-17,0.010179
2012-12-18,0.011120
2012-12-19,-0.004643
2012-12-20,0.004892
2012-12-21,-0.008487
2012-12-24,-0.002207
2012-12-26,-0.004962
2012-12-27,-0.000685
2012-12-28,-0.009273
2012-12-31,0.016424
2013-01-02,0.024996
2013-01-03,-0.001911
2013-01-04,0.005653
2013-01-07,-0.002555
2013-01-08,-0.002208
2013-01-09,0.003403
2013-01-10,0.006790
2013-01-11,0.000244
2013-01-14,-0.000350
2013-01-15,0.001960
2013-01-16,-0.000738
2013-01-17,0.005930
2013-01-18,0.002942
2013-01-22,0.005180
2013-01-23,0.000286
2013-01-24,0.000638
2013-01-25,0.005250
2013-01-28,-0.001315
2013-01-29,0.003632
2013-01-30,-0.003846
2013-01-31,-0.000820
2013-02-01,0.009291
2013-02-04,-0.011035
2013-02-05,0.009248
2013-02-06,0.001293
2013-02-07,-0.002118
2013-02-08,0.005390
2013-02-11,-0.001003
2013-02-12,0.002191
2013-02-13,0.001389
2013-02-14,0.000865
2013-02-15,-0.002010
2013-02-19,0.006956
2013-02-20,-0.013325
2013-02-21,-0.007067
2013-02-22,0.008665
2013-02-25,-0.017160
2013-02-26,0.005656
2013-02-27,0.012275
2013-02-28,-0.000630
2013-03-01,0.001752
2013-03-04,0.003648
2013-03-05,0.009190
2013-03-06,0.001656
2013-03-07,0.002328
2013-03-08,0.004895
2013-03-11,0.002695
2013-03-12,-0.001929
2013-03-13,0.000805
2013-03-14,0.005963
2013-03-15,-0.001517
2013-03-18,-0.005326
2013-03-19,-0.002923
2013-03-20,0.007248
2013-03-21,-0.007562
2013-03-22,0.005842
2013-03-25,-0.003071
2013-03-26,0.007299
2013-03-27,-0.000118
2013-03-28,0.004054
2013-04-01,-0.005392
2013-04-02,0.002710
2013-04-03,-0.011859
2013-04-04,0.003826
2013-04-05,-0.003519
2013-04-08,0.006639
2013-04-09,0.003703
2013-04-10,0.011618
2013-04-11,0.003194
2013-04-12,-0.003780
2013-04-15,-0.025595
2013-04-16,0.014655
2013-04-17,-0.014689
2013-04-18,-0.005690
2013-04-19,0.009359
2013-04-22,0.004277
2013-04-23,0.010143
2013-04-24,0.002179
2013-04-25,0.004946
2013-04-26,-0.002476
2013-04-29,0.007371
2013-04-30,0.004139
2013-05-01,-0.010607
2013-05-02,0.009484
2013-05-03,0.010398
2013-05-06,0.002566
2013-05-07,0.005135
2013-05-08,0.005022
2013-05-09,-0.003689
2013-05-10,0.004676
2013-05-13,-0.000627
2013-05-14,0.009349
2013-05-15,0.003945
2013-05-16,-0.004594
2013-05-17,0.009395
2013-05-20,0.000649
2013-05-21,0.001600
2013-05-22,-0.009642
2013-05-23,-0.002446
2013-05-24,-0.001030
2013-05-28,0.006307
2013-05-29,-0.006970
2013-05-30,0.004204
2013-05-31,-0.013568
2013-06-03,0.004640
2013-06-04,-0.005563
2013-06-05,-0.013397
2013-06-06,0.008981
2013-06-07,0.011386
2013-06-10,0.000184
2013-06-11,-0.010890
2013-06-12,-0.008137
2013-06-13,0.015060
2013-06-14,-0.005379
2013-06-17,0.007193
2013-06-18,0.007358
2013-06-19,-0.013406
2013-06-20,-0.025751
2013-06-21,0.001443
2013-06-24,-0.012352
2013-06-25,0.010324
2013-06-26,0.008926
2013-06-27,0.008125
2013-06-28,-0.002809
2013-07-01,0.006716
2013-07-02,-0.001412
2013-07-03,0.000408
2013-07-05,0.009033
2013-07-08,0.005168
2013-07-09,0.007724
2013-07-10,0.000629
2013-07-11,0.014617
2013-07-12,0.002470
2013-07-15,0.002326
2013-07-16,-0.003791
2013-07-17,0.003003
2013-07-18,0.005469
2013-07-19,0.001494
2013-07-22,0.002802
2013-07-23,-0.001167
2013-07-24,-0.004921
2013-07-25,0.003967
2013-07-26,0.000137
2013-07-29,-0.003759
2013-07-30,0.000403
2013-07-31,0.000199
2013-08-01,0.012261
2013-08-02,0.001331
2013-08-05,-0.000734
2013-08-06,-0.006571
2013-08-07,-0.004516
2013-08-08,0.005441
2013-08-09,-0.001916
2013-08-12,-0.000143
2013-08-13,0.001516
2013-08-14,-0.004099
2013-08-15,-0.012968
2013-08-16,-0.002939
2013-08-19,-0.007099
2013-08-20,0.005669
2013-08-21,-0.006167
2013-08-22,0.009128
2013-08-23,0.004367
2013-08-26,-0.002845
2013-08-27,-0.016307
2013-08-28,0.002623
2013-08-29,0.003198
2013-08-30,-0.004832
2013-09-03,0.004517
2013-09-04,0.007599
2013-09-05,0.001828
2013-09-06,0.001057
2013-09-09,0.010849
2013-09-10,0.007216
2013-09-11,0.002744
2013-09-12,-0.004003
2013-09-13,0.002645
2013-09-16,0.005156
2013-09-17,0.004981
2013-09-18,0.012556
2013-09-19,-0.001145
2013-09-20,-0.007311
2013-09-23,-0.004154
2013-09-24,-0.001217
2013-09-25,-0.001662
2013-09-26,0.003963
2013-09-27,-0.003599
2013-09-30,-0.004862
2013-10-01,0.008707
2013-10-02,-0.000674
2013-10-03,-0.008609
2013-10-04,0.006741
2013-10-07,-0.008482
2013-10-08,-0.013084
2013-10-09,-0.000451
2013-10-10,0.020996
2013-10-11,0.006894
2013-10-14,0.004080
2013-10-15,-0.006865
2013-10-16,0.012758
2013-10-17,0.007750
2013-10-18,0.006939
2013-10-21,0.000141
2013-10-22,0.005534
2013-10-23,-0.005308
2013-10-24,0.004055
2013-10-25,0.003147
2013-10-28,0.000342
2013-10-29,0.004437
2013-10-30,-0.005665
2013-10-31,-0.003506
2013-11-01,0.001408
2013-11-04,0.004324
2013-11-05,-0.003013
2013-11-06,0.003040
2013-11-07,-0.013878
2013-11-08,0.012349
2013-11-11,0.001003
2013-11-12,-0.002249
2013-11-13,0.008519
2013-11-14,0.004571
2013-11-15,0.004409
2013-11-18,-0.004646
2013-11-19,-0.003367
2013-11-20,-0.003294
2013-11-21,0.008658
2013-11-22,0.004566
2013-11-25,-0.001436
2013-11-26,0.001078
2013-11-27,0.002738
2013-11-29,0.000159
2013-12-02,-0.003638
2013-12-03,-0.003715
2013-12-04,-0.000941
2013-12-05,-0.003514
2013-12-06,0.009683
2013-12-09,0.001868
2013-12-10,-0.002813
2013-12-11,-0.012070
2013-12-12,-0.002543
2013-12-13,0.001277
2013-12-16,0.006445
2013-12-17,-0.002344
2013-12-18,0.014462
2013-12-19,-0.001026
2013-12-20,0.006904
2013-12-23,0.006229
2013-12-24,0.003476
2013-12-26,0.003993
2013-12-27,-0.000061
2013-12-30,0.000277
2013-12-31,0.004255
2014-01-02,-0.008757
2014-01-03,0.000491
2014-01-06,-0.003340
2014-01-07,0.006090
2014-01-08,0.000155
2014-01-09,0.000090
2014-01-10,0.003567
2014-01-13,-0.011641
2014-01-14,0.010257
2014-01-15,0.005066
2014-01-16,-0.000279
2014-01-17,-0.003454
2014-01-21,0.003351
2014-01-22,0.001484
2014-01-23,-0.008159
2014-01-24,-0.021135
2014-01-27,-0.006632
2014-01-28,0.007293
2014-01-29,-0.009930
2014-01-30,0.011487
2014-01-31,-0.005796
2014-02-03,-0.023197
2014-02-04,0.007612
2014-02-05,-0.001952
2014-02-06,0.011924
2014-02-07,0.012595
2014-02-10,0.001576
2014-02-11,0.010599
2014-02-12,0.001149
2014-02-13,0.006957
2014-02-14,0.004104
2014-02-18,0.003182
2014-02-19,-0.006797
2014-02-20,0.006440
2014-02-21,-0.000817
2014-02-24,0.006174
2014-02-25,-0.001268
2014-02-26,0.001034
2014-02-27,0.004900
2014-02-28,0.001673
2014-03-03,-0.006637
2014-03-04,0.015433
2014-03-05,0.000357
2014-03-06,0.001723
2014-03-07,-0.000796
2014-03-10,-0.001258
2014-03-11,-0.005526
2014-03-12,0.001300
2014-03-13,-0.011137
2014-03-14,-0.001383
2014-03-17,0.008275
2014-03-18,0.007665
2014-03-19,-0.006779
2014-03-20,0.004709
2014-03-21,-0.002864
2014-03-24,-0.006075
2014-03-25,0.003439
2014-03-26,-0.008153
2014-03-27,-0.001045
2014-03-28,0.004470
2014-03-31,0.009182
2014-04-01,0.008258
2014-04-02,0.002821
2014-04-03,-0.003118
2014-04-04,-0.012591
2014-04-07,-0.011655
2014-04-08,0.005386
2014-04-09,0.011291
2014-04-10,-0.020774
2014-04-11,-0.009794
2014-04-14,0.006520
2014-04-15,0.005170
2014-04-16,0.010627
2014-04-17,0.002272
2014-04-21,0.003484
2014-04-22,0.005567
2014-04-23,-0.002758
2014-04-24,0.000719
2014-04-25,-0.009470
2014-04-28,0.001060
2014-04-29,0.005627
2014-04-30,0.003405
2014-05-01,0.000772
2014-05-02,-0.000260
2014-05-05,0.001302
2014-05-06,-0.008724
2014-05-07,0.004403
2014-05-08,-0.002682
2014-05-09,0.001571
2014-05-12,0.011167
2014-05-13,-0.000666
2014-05-14,-0.004726
2014-05-15,-0.008375
2014-05-16,0.003401
2014-05-19,0.004287
2014-05-20,-0.006933
2014-05-21,0.007421
2014-05-22,0.003498
2014-05-23,0.004761
2014-05-27,0.005896
2014-05-28,-0.001316
2014-05-29,0.004918
2014-05-30,0.000641
2014-06-02,0.000707
2014-06-03,-0.000369
2014-06-04,0.002554
2014-06-05,0.007261
2014-06-06,0.005115
2014-06-09,0.001870
2014-06-10,-0.000362
2014-06-11,-0.003074
2014-06-12,-0.005675
2014-06-13,0.003056
2014-06-16,0.001411
2014-06-17,0.002951
2014-06-18,0.006963
2014-06-19,0.001678
2014-06-20,0.002081
2014-06-23,0.000131
2014-06-24,-0.006979
2014-06-25,0.005115
2014-06-26,-0.000561
2014-06-27,0.002890
2014-06-30,0.001035
2014-07-01,0.006789
2014-07-02,-0.000317
2014-07-03,0.004968
2014-07-07,-0.006110
2014-07-08,-0.007345
2014-07-09,0.004480
2014-07-10,-0.004858
2014-07-11,0.000777
2014-07-14,0.004563
2014-07-15,-0.003284
2014-07-16,0.003751
2014-07-17,-0.010966
2014-07-18,0.010250
2014-07-21,-0.002171
2014-07-22,0.005105
2014-07-23,0.001843
2014-07-24,0.000244
2014-07-25,-0.005025
2014-07-28,-0.000513
2014-07-29,-0.003659
2014-07-30,0.000540
2014-07-31,-0.019359
2014-08-01,-0.003442
2014-08-04,0.007129
2014-08-05,-0.008884
2014-08-06,0.000300
2014-08-07,-0.004897
2014-08-08,0.010292
2014-08-11,0.004768
2014-08-12,-0.002199
2014-08-13,0.006608
2014-08-14,0.004202
2014-08-15,0.000294
2014-08-18,0.008519
2014-08-19,0.004714
2014-08-20,0.001984
2014-08-21,0.002461
2014-08-22,-0.001445
2014-08-25,0.004550
2014-08-26,0.002181
2014-08-27,0.000622
2014-08-28,-0.001806
2014-08-29,0.003800
2014-09-02,0.000031
2014-09-03,-0.000580
2014-09-04,-0.002383
2014-09-05,0.004375
2014-09-08,-0.002774
2014-09-09,-0.006316
2014-09-10,0.003339
2014-09-11,0.001306
2014-09-12,-0.006588
2014-09-15,-0.002888
2014-09-16,0.007016
2014-09-17,0.000797
2014-09-18,0.004516
2014-09-19,-0.002366
2014-09-22,-0.010079
2014-09-23,-0.005993
2014-09-24,0.007097
2014-09-25,-0.015547
2014-09-26,0.008408
2014-09-29,-0.002422
2014-09-30,-0.004091
2014-10-01,-0.012931
2014-10-02,0.000775
2014-10-03,0.009096
2014-10-06,-0.001582
2014-10-07,-0.014990
2014-10-08,0.015855
2014-10-09,-0.021219
2014-10-10,-0.013333
2014-10-13,-0.015501
2014-10-14,0.002321
2014-10-15,-0.004483
2014-10-16,0.003835
2014-10-17,0.010813
2014-10-20,0.009244
2014-10-21,0.019230
2014-10-22,-0.008878
2014-10-23,0.012270
2014-10-24,0.006013
2014-10-27,-0.002172
2014-10-28,0.013743
2014-10-29,-0.002246
2014-10-30,0.004987
2014-10-31,0.011527
2014-11-03,-0.000685
2014-11-04,-0.004628
2014-11-05,0.004889
2014-11-06,0.003815
2014-11-07,0.001998
2014-11-10,0.002723
2014-11-11,0.001120
2014-11-12,0.000555
2014-11-13,-0.000944
2014-11-14,0.001335
2014-11-17,-0.000224
2014-11-18,0.005501
2014-11-19,-0.002373
2014-11-20,0.003302
2014-11-21,0.005330
2014-11-24,0.003182
2014-11-25,-0.000384
2014-11-26,0.002777
2014-11-28,-0.006097
2014-12-01,-0.008988
2014-12-02,0.005867
2014-12-03,0.005232
2014-12-04,-0.002151
2014-12-05,0.001463
2014-12-08,-0.009478
2014-12-09,0.001715
2014-12-10,-0.017439
2014-12-11,0.004078
2014-12-12,-0.015235
2014-12-15,-0.007671
2014-12-16,-0.005842
2014-12-17,0.021789
2014-12-18,0.021547
2014-12-19,0.004613
2014-12-22,0.003242
2014-12-23,0.002198
2014-12-24,0.000579
2014-12-26,0.003668
2014-12-29,0.001242
2014-12-30,-0.004285
2014-12-31,-0.008784
2015-01-02,-0.000242
2015-01-05,-0.018275
2015-01-06,-0.009661
2015-01-07,0.011114
2015-01-08,0.016844
2015-01-09,-0.007545
2015-01-12,-0.007783
2015-01-13,-0.002264
2015-01-14,-0.005222
2015-01-15,-0.009182
2015-01-16,0.013841
2015-01-20,0.000251
2015-01-21,0.004549
2015-01-22,0.014704
2015-01-23,-0.004203
2015-01-26,0.004402
2015-01-27,-0.010008
2015-01-28,-0.014065
2015-01-29,0.008482
2015-01-30,-0.012152
2015-02-02,0.012223
2015-02-03,0.015024
2015-02-04,-0.004439
2015-02-05,0.011508
2015-02-06,-0.003588
2015-02-09,-0.004087
2015-02-10,0.008608
2015-02-11,-0.000366
2015-02-12,0.010427
2015-02-13,0.004733
2015-02-17,0.001747
2015-02-18,0.000119
2015-02-19,-0.001016
2015-02-20,0.005709
2015-02-23,-0.000652
2015-02-24,0.002294
2015-02-25,0.000697
2015-02-26,-0.001540
2015-02-27,-0.002605
2015-03-02,0.005491
2015-03-03,-0.004050
2015-03-04,-0.003780
2015-03-05,0.001631
2015-03-06,-0.013852
2015-03-09,0.002862
2015-03-10,-0.015500
2015-03-11,-0.000191
2015-03-12,0.011981
2015-03-13,-0.005527
2015-03-16,0.011764
2015-03-17,-0.001752
2015-03-18,0.012080
2015-03-19,-0.004553
2015-03-20,0.009388
2015-03-23,-0.000947
2015-03-24,-0.004568
2015-03-25,-0.014691
2015-03-26,-0.002223
2015-03-27,0.002468
2015-03-30,0.011519
2015-03-31,-0.007119
2015-04-01,-0.002676
2015-04-02,0.004004
2015-04-06,0.006577
2015-04-07,-0.002134
2015-04-08,0.003582
2015-04-09,0.003365
2015-04-10,0.004585
2015-04-13,-0.003718
2015-04-14,0.001885
2015-04-15,0.006183
2015-04-16,-0.000422
2015-04-17,-0.011294
2015-04-20,0.008078
2015-04-21,-0.001010
2015-04-22,0.004142
2015-04-23,0.003555
2015-04-24,0.001163
2015-04-27,-0.004791
2015-04-28,0.002456
2015-04-29,-0.003923
2015-04-30,-0.010676
2015-05-01,0.009290
2015-05-04,0.002961
2015-05-05,-0.011551
2015-05-06,-0.003354
2015-05-07,0.003347
2015-05-08,0.012083
2015-05-11,-0.003980
2015-05-12,-0.002240
2015-05-13,0.000185
2015-05-14,0.009713
2015-05-15,0.001057
2015-05-18,0.003342
2015-05-19,-0.001352
2015-05-20,-0.000317
2015-05-21,0.002465
2015-05-22,-0.002200
2015-05-26,-0.010462
2015-05-27,0.008653
2015-05-28,-0.001203
2015-05-29,-0.005829
2015-06-01,0.001528
2015-06-02,0.000372
2015-06-03,0.002647
2015-06-04,-0.008883
2015-06-05,-0.000015
2015-06-08,-0.006516
2015-06-09,-0.000033
2015-06-10,0.011505
2015-06-11,0.001897
2015-06-12,-0.006154
2015-06-15,-0.004048
2015-06-16,0.004953
2015-06-17,0.001723
2015-06-18,0.009278
2015-06-19,-0.004858
2015-06-22,0.005845
2015-06-23,0.001287
2015-06-24,-0.007414
2015-06-25,-0.002654
2015-06-26,-0.000814
2015-06-29,-0.021502
2015-06-30,0.002975
2015-07-01,0.005472
2015-07-02,-0.000554
2015-07-06,-0.004518
2015-07-07,0.004976
2015-07-08,-0.016512
2015-07-09,0.002742
2015-07-10,0.012674
2015-07-13,0.010250
2015-07-14,0.004722
2015-07-15,-0.002478
2015-07-16,0.006972
2015-07-17,-0.000638
2015-07-20,-0.001222
2015-07-21,-0.004063
2015-07-22,-0.002359
2015-07-23,-0.005452
2015-07-24,-0.010027
2015-07-27,-0.007086
2015-07-28,0.012261
2015-07-29,0.007577
2015-07-30,0.000803
2015-07-31,-0.000764
2015-08-03,-0.003671
2015-08-04,-0.001717
2015-08-05,0.002575
2015-08-06,-0.007848
2015-08-07,-0.003275
2015-08-10,0.013132
2015-08-11,-0.009257
2015-08-12,0.000704
2015-08-13,-0.002045
2015-08-14,0.003786
2015-08-17,0.005742
2015-08-18,-0.003505
2015-08-19,-0.008794
2015-08-20,-0.021636
2015-08-21,-0.028014
2015-08-24,-0.038574
2015-08-25,-0.010297
2015-08-26,0.033787
2015-08-27,0.024411
2015-08-28,0.002532
2015-08-31,-0.007265
2015-09-01,-0.028174
2015-09-02,0.016353
2015-09-03,0.001834
2015-09-04,-0.013754
2015-09-08,0.023691
2015-09-09,-0.012783
2015-09-10,0.004395
2015-09-11,0.003428
2015-09-14,-0.004221
2015-09-15,0.011419
2015-09-16,0.009522
2015-09-17,-0.000704
2015-09-18,-0.015322
2015-09-21,0.003336
2015-09-22,-0.013653
2015-09-23,-0.003487
2015-09-24,-0.003706
2015-09-25,-0.002118
2015-09-28,-0.027043
2015-09-29,-0.000916
2015-09-30,0.019430
2015-10-01,0.001947
2015-10-02,0.015168
2015-10-05,0.018766
2015-10-06,-0.003110
2015-10-07,0.009818
2015-10-08,0.008529
2015-10-09,0.001438
2015-10-12,-0.000202
2015-10-13,-0.007799
2015-10-14,-0.004294
2015-10-15,0.014711
2015-10-16,0.003420
2015-10-19,-0.000678
2015-10-20,-0.001171
2015-10-21,-0.008024
2015-10-22,0.013929
2015-10-23,0.009499
2015-10-26,-0.002802
2015-10-27,-0.004495
2015-10-28,0.013657
2015-10-29,-0.002218
2015-10-30,-0.004004
2015-11-02,0.012446
2015-11-03,0.003088
2015-11-04,-0.003380
2015-11-05,-0.001396
2015-11-06,-0.000383
2015-11-09,-0.009594
2015-11-10,0.001286
2015-11-11,-0.004136
2015-11-12,-0.014519
2015-11-13,-0.009781
2015-11-16,0.013738
2015-11-17,-0.001359
2015-11-18,0.015275
2015-11-19,-0.000988
2015-11-20,0.003000
2015-11-23,-0.000666
2015-11-24,0.002343
2015-11-25,0.001177
2015-11-27,0.000779
2015-11-30,-0.003859
2015-12-01,0.009508
2015-12-02,-0.010722
2015-12-03,-0.014317
2015-12-04,0.016454
2015-12-07,-0.009769
2015-12-08,-0.006113
2015-12-09,-0.006630
2015-12-10,0.002053
2015-12-11,-0.019829
2015-12-14,0.001578
2015-12-15,0.011317
2015-12-16,0.014887
2015-12-17,-0.014588
2015-12-18,-0.015037
2015-12-21,0.007163
2015-12-22,0.008827
2015-12-23,0.013678
2015-12-24,-0.000839
2015-12-28,-0.003319
2015-12-29,0.010018
2015-12-30,-0.007358
2015-12-31,-0.008181
2016-01-04,-0.014890
2016-01-05,0.001397
2016-01-06,-0.013799
2016-01-07,-0.023909
2016-01-08,-0.010935
2016-01-11,-0.001736
2016-01-12,0.006081
2016-01-13,-0.025834
2016-01-14,0.015434
2016-01-15,-0.021670
2016-01-19,-0.002414
2016-01-20,-0.010584
2016-01-21,0.005654
2016-01-22,0.022476
2016-01-25,-0.016673
2016-01-26,0.015919
2016-01-27,-0.010546
2016-01-28,0.005035
2016-01-29,0.024547
2016-02-01,-0.000351
2016-02-02,-0.020022
2016-02-03,0.005729
2016-02-04,0.003623
2016-02-05,-0.019591
2016-02-08,-0.016964
2016-02-09,-0.003067
2016-02-10,0.000273
2016-02-11,-0.011979
2016-02-12,0.020132
2016-02-16,0.017684
2016-02-17,0.018099
2016-02-18,-0.004199
2016-02-19,-0.000231
2016-02-22,0.014305
2016-02-23,-0.011789
2016-02-24,0.004963
2016-02-25,0.011044
2016-02-26,0.000283
2016-02-29,-0.005893
2016-03-01,0.022404
2016-03-02,0.005674
2016-03-03,0.005603
2016-03-04,0.004192
2016-03-07,0.003223
2016-03-08,-0.013540
2016-03-09,0.005555
2016-03-10,-0.001281
2016-03-11,0.017442
2016-03-14,-0.001576
2016-03-15,-0.004458
2016-03-16,0.007493
2016-03-17,0.008250
2016-03-18,0.003879
2016-03-21,0.000503
2016-03-22,-0.000372
2016-03-23,-0.009450
2016-03-24,-0.000141
2016-03-28,0.000806
2016-03-29,0.011053
2016-03-30,0.004467
2016-03-31,-0.000869
2016-04-01,0.004664
2016-04-04,-0.004391
2016-04-05,-0.010012
2016-04-06,0.011074
2016-04-07,-0.011653
2016-04-08,0.004327
2016-04-11,-0.001833
2016-04-12,0.010399
2016-04-13,0.011323
2016-04-14,-0.000462
2016-04-15,-0.000565
2016-04-18,0.006766
2016-04-19,0.004490
2016-04-20,0.001225
2016-04-21,-0.005273
2016-04-22,0.001835
2016-04-25,-0.002787
2016-04-26,0.003357
2016-04-27,0.002651
2016-04-28,-0.008569
2016-04-29,-0.004465
2016-05-02,0.006733
2016-05-03,-0.011101
2016-05-04,-0.006171
2016-05-05,-0.000444
2016-05-06,0.003519
2016-05-09,-0.000200
2016-05-10,0.012298
2016-05-11,-0.008295
2016-05-12,-0.000776
2016-05-13,-0.007964
2016-05-16,0.010210
2016-05-17,-0.008591
2016-05-18,-0.000812
2016-05-19,-0.003791
2016-05-20,0.007642
2016-05-23,-0.001790
2016-05-24,0.013114
2016-05-25,0.007321
2016-05-26,-0.000158
2016-05-27,0.004415
2016-05-31,-0.000348
2016-06-01,0.002367
2016-06-02,0.003603
2016-06-03,-0.001949
2016-06-06,0.006131
2016-06-07,0.002122
2016-06-08,0.003565
2016-06-09,-0.002816
2016-06-10,-0.011232
2016-06-13,-0.008135
2016-06-14,-0.002780
2016-06-15,-0.000492
2016-06-16,0.001908
2016-06-17,-0.001748
2016-06-20,0.007279
2016-06-21,0.002334
2016-06-22,-0.001865
2016-06-23,0.014415
2016-06-24,-0.036628
2016-06-27,-0.020320
2016-06-28,0.018043
2016-06-29,0.017600
2016-06-30,0.013181
2016-07-01,0.003010
2016-07-05,-0.008225
2016-07-06,0.005437
2016-07-07,-0.000690
2016-07-08,0.015478
2016-07-11,0.004210
2016-07-12,0.007923
2016-07-13,-0.000232
2016-07-14,0.004685
2016-07-15,-0.000803
2016-07-18,0.002602
2016-07-19,-0.002363
2016-07-20,0.004629
2016-07-21,-0.003322
2016-07-22,0.004500
2016-07-25,-0.003154
2016-07-26,0.001613
2016-07-27,-0.001242
2016-07-28,0.001673
2016-07-29,0.002630
2016-08-01,-0.002254
2016-08-02,-0.007105
2016-08-03,0.004385
2016-08-04,0.000814
2016-08-05,0.008058
2016-08-08,0.000104
2016-08-09,0.001069
2016-08-10,-0.002555
2016-08-11,0.004818
2016-08-12,-0.000494
2016-08-15,0.004008
2016-08-16,-0.005477
2016-08-17,0.001044
2016-08-18,0.003387
2016-08-19,-0.001828
2016-08-22,-0.000427
2016-08-23,0.002825
2016-08-24,-0.006035
2016-08-25,-0.000675
2016-08-26,-0.001829
2016-08-29,0.005225
2016-08-30,-0.001514
2016-08-31,-0.002578
2016-09-01,0.000748
2016-09-02,0.005882
2016-09-06,0.003391
2016-09-07,0.000821
2016-09-08,-0.002078
2016-09-09,-0.025010
2016-09-12,0.013340
2016-09-13,-0.015849
2016-09-14,-0.000526
2016-09-15,0.010099
2016-09-16,-0.003865
2016-09-19,0.001385
2016-09-20,-0.000363
2016-09-21,0.011864
2016-09-22,0.007814
2016-09-23,-0.005940
2016-09-26,-0.008221
2016-09-27,0.005100
2016-09-28,0.006710
2016-09-29,-0.009216
2016-09-30,0.007830
2016-10-03,-0.003050
2016-10-04,-0.005600
2016-10-05,0.004940
2016-10-06,-0.000753
2016-10-07,-0.003829
2016-10-10,0.005594
2016-10-11,-0.012616
2016-10-12,0.000932
2016-10-13,-0.003327
2016-10-14,-0.000324
2016-10-17,-0.002525
2016-10-18,0.006561
2016-10-19,0.003002
2016-10-20,-0.001641
2016-10-21,-0.000113
2016-10-24,0.004434
2016-10-25,-0.004367
2016-10-26,-0.002777
2016-10-27,-0.003986
2016-10-28,-0.002573
2016-10-31,0.000430
2016-11-01,-0.006771
2016-11-02,-0.007680
2016-11-03,-0.003940
2016-11-04,-0.001240
2016-11-07,0.020927
2016-11-08,0.003884
2016-11-09,0.012048
2016-11-10,0.001979
2016-11-11,0.000261
2016-11-14,0.002384
2016-11-15,0.007902
2016-11-16,-0.001517
2016-11-17,0.004607
2016-11-18,-0.001358
2016-11-21,0.007769
2016-11-22,0.003038
2016-11-23,0.000943
2016-11-25,0.003636
2016-11-28,-0.005935
2016-11-29,0.000960
2016-11-30,-0.001561
2016-12-01,-0.004207
2016-12-02,0.000701
2016-12-05,0.007299
2016-12-06,0.004758
2016-12-07,0.012388
2016-12-08,0.003744
2016-12-09,0.003907
2016-12-12,-0.002453
2016-12-13,0.005763
2016-12-14,-0.009619
2016-12-15,0.003588
2016-12-16,-0.001159
2016-12-19,0.002094
2016-12-20,0.004310
2016-12-21,-0.002494
2016-12-22,-0.002734
2016-12-23,0.001844
2016-12-27,0.002518
2016-12-28,-0.007978
2016-12-29,0.000587
2016-12-30,-0.004036
2017-01-03,0.008205
2017-01-04,0.008618
2017-01-05,-0.000945
2017-01-06,0.002310
2017-01-09,-0.003925
2017-01-10,0.001311
2017-01-11,0.003227
2017-01-12,-0.002536
2017-01-13,0.002819
2017-01-17,-0.003693
2017-01-18,0.001415
2017-01-19,-0.003889
2017-01-20,0.003625
2017-01-23,-0.001921
2017-01-24,0.008375
2017-01-25,0.008078
2017-01-26,-0.001150
2017-01-27,-0.001599
2017-01-30,-0.007057
2017-01-31,0.000839
2017-02-01,0.000282
2017-02-02,0.000599
2017-02-03,0.007801
2017-02-06,-0.002713
2017-02-07,-0.000541
2017-02-08,0.001224
2017-02-09,0.006490
2017-02-10,0.004103
2017-02-13,0.004652
2017-02-14,0.003882
2017-02-15,0.004785
2017-02-16,-0.001251
2017-02-17,0.001900
2017-02-21,0.005811
2017-02-22,-0.001741
2017-02-23,-0.000909
2017-02-24,0.000450
2017-02-27,0.001995
2017-02-28,-0.004647
2017-03-01,0.013366
2017-03-02,-0.006862
2017-03-03,0.000944
2017-03-06,-0.003808
2017-03-07,-0.003455
2017-03-08,-0.003233
2017-03-09,-0.000246
2017-03-10,0.003446
2017-03-13,0.001665
2017-03-14,-0.004180
2017-03-15,0.010125
2017-03-16,-0.000614
2017-03-17,-0.000812
2017-03-20,-0.002332
2017-03-21,-0.013602
2017-03-22,0.001795
2017-03-23,0.000156
2017-03-24,-0.000317
2017-03-27,-0.000361
2017-03-28,0.006893
2017-03-29,0.002268
2017-03-30,0.002599
2017-03-31,-0.001095
2017-04-03,-0.002624
2017-04-04,0.000621
2017-04-05,-0.004134
2017-04-06,0.003506
2017-04-07,-0.000717
2017-04-10,0.001468
2017-04-11,-0.000127
2017-04-12,-0.004575
2017-04-13,-0.007191
2017-04-17,0.008654
2017-04-18,-0.002508
2017-04-19,-0.001333
2017-04-20,0.007669
2017-04-21,-0.002842
2017-04-24,0.010754
2017-04-25,0.005960
2017-04-26,-0.000105
2017-04-27,-0.000040
2017-04-28,-0.002611
2017-05-01,0.002001
2017-05-02,0.000255
2017-05-03,-0.002573
2017-05-04,-0.000777
2017-05-05,0.005792
2017-05-08,-0.000820
2017-05-09,-0.000984
2017-05-10,0.002600
2017-05-11,-0.002715
2017-05-12,-0.001539
2017-05-15,0.005603
2017-05-16,-0.000384
2017-05-17,-0.018102
2017-05-18,0.003369
2017-05-19,0.007577
2017-05-22,0.005394
2017-05-23,0.001526
2017-05-24,0.002402
2017-05-25,0.003248
2017-05-26,0.000310
2017-05-30,-0.002267
2017-05-31,-0.000326
2017-06-01,0.009052
2017-06-02,0.003486
2017-06-05,-0.001819
2017-06-06,-0.002150
2017-06-07,0.000725
2017-06-08,0.001597
2017-06-09,-0.000547
2017-06-12,-0.000866
2017-06-13,0.005328
2017-06-14,-0.002289
2017-06-15,-0.002973
2017-06-16,0.000543
2017-06-19,0.007639
2017-06-20,-0.007515
2017-06-21,-0.000752
2017-06-22,0.000802
2017-06-23,0.002916
2017-06-26,0.000940
2017-06-27,-0.007476
2017-06-28,0.010009
2017-06-29,-0.008117
2017-06-30,0.001446
2017-07-03,0.003039
2017-07-05,0.000131
2017-07-06,-0.009231
2017-07-07,0.006444
2017-07-10,0.000501
2017-07-11,0.000236
2017-07-12,0.007693
2017-07-13,0.001729
2017-07-14,0.004849
2017-07-17,0.000014
2017-07-18,0.000459
2017-07-19,0.005964
2017-07-20,0.000033
2017-07-21,-0.000922
2017-07-24,-0.000133
2017-07-25,0.003457
2017-07-26,-0.000085
2017-07-27,-0.002093
2017-07-28,-0.001066
2017-07-31,-0.000859
2017-08-01,0.002360
2017-08-02,-0.000989
2017-08-03,-0.002180
2017-08-04,0.002012
2017-08-07,0.001414
2017-08-08,-0.002772
2017-08-09,-0.001449
2017-08-10,-0.014415
2017-08-11,0.001508
2017-08-14,0.009827
2017-08-15,-0.001450
2017-08-16,0.002153
2017-08-17,-0.014559
2017-08-18,-0.001186
2017-08-21,0.000858
2017-08-22,0.009406
2017-08-23,-0.001918
2017-08-24,-0.001160
2017-08-25,0.002002
2017-08-28,0.000326
2017-08-29,0.000673
2017-08-30,0.004622
2017-08-31,0.006903
2017-09-01,0.002852
2017-09-05,-0.007620
2017-09-06,0.003190
2017-09-07,-0.000032
2017-09-08,-0.001271
2017-09-11,0.010251
2017-09-12,0.003547
2017-09-13,0.000552
2017-09-14,-0.000492
2017-09-15,0.001829
2017-09-18,0.002006
2017-09-19,0.001121
2017-09-20,0.000919
2017-09-21,-0.002543
2017-09-22,0.001100
2017-09-25,-0.001881
2017-09-26,0.000213
2017-09-27,0.004975
2017-09-28,0.001611
2017-09-29,0.003328
2017-10-02,0.004542
2017-10-03,0.002500
2017-10-04,0.000781
2017-10-05,0.004770
2017-10-06,-0.000977
2017-10-09,-0.001988
2017-10-10,0.002717
2017-10-11,0.001950
2017-10-12,-0.001538
2017-10-13,0.000886
2017-10-16,0.001013
2017-10-17,-0.000188
2017-10-18,0.000987
2017-10-19,-0.000131
2017-10-20,0.004204
2017-10-23,-0.004272
2017-10-24,0.001655
2017-10-25,-0.005407
2017-10-26,0.001500
2017-10-27,0.007589
2017-10-30,-0.003392
2017-10-31,0.002030
2017-11-01,0.000748
2017-11-02,0.000340
2017-11-03,0.002852
2017-11-06,0.002097
2017-11-07,-0.001835
2017-11-08,0.001385
2017-11-09,-0.003602
2017-11-10,-0.000272
2017-11-13,0.000195
2017-11-14,-0.002560
2017-11-15,-0.004852
2017-11-16,0.009334
2017-11-17,-0.000921
2017-11-20,0.001805
2017-11-21,0.006542
2017-11-22,-0.000064
2017-11-24,0.002145
2017-11-27,-0.001546
2017-11-28,0.008835
2017-11-29,-0.000731
2017-11-30,0.007237
2017-12-01,-0.001124
2017-12-04,-0.001749
2017-12-05,-0.004180
2017-12-06,-0.001387
2017-12-07,0.004019
2017-12-08,0.005050
2017-12-11,0.002781
2017-12-12,0.000744
2017-12-13,0.000541
2017-12-14,-0.004374
2017-12-15,0.007951
2017-12-18,0.006749
2017-12-19,-0.003411
2017-12-20,-0.000103
2017-12-21,0.002510
2017-12-22,-0.000161
2017-12-26,-0.000171
2017-12-27,0.000848
2017-12-28,0.002503
2017-12-29,-0.004750
2018-01-02,0.008505
2018-01-03,0.005856
2018-01-04,0.004001
2018-01-05,0.005804
2018-01-08,0.001816
2018-01-09,0.000921
2018-01-10,-0.001506
2018-01-11,0.008295
2018-01-12,0.006082
2018-01-16,-0.004432
2018-01-17,0.008575
2018-01-18,-0.002002
2018-01-19,0.005419
2018-01-22,0.007587
2018-01-23,0.002623
2018-01-24,-0.000901
2018-01-25,0.000076
2018-01-26,0.009965
2018-01-29,-0.006914
2018-01-30,-0.010195
2018-01-31,0.000149
2018-02-01,-0.000265
2018-02-02,-0.020867
2018-02-05,-0.038014
2018-02-06,0.015314
2018-02-07,-0.004174
2018-02-08,-0.034694
2018-02-09,0.012281
2018-02-12,0.013221
2018-02-13,0.002897
2018-02-14,0.014362
2018-02-15,0.011112
2018-02-16,0.000368
2018-02-20,-0.006285
2018-02-21,-0.004405
2018-02-22,0.000219
2018-02-23,0.014656
2018-02-26,0.009999
2018-02-27,-0.012554
2018-02-28,-0.011036
2018-03-01,-0.010788
2018-03-02,0.005872
2018-03-05,0.010129
2018-03-06,0.004148
2018-03-07,0.000450
2018-03-08,0.003647
2018-03-09,0.015750
2018-03-12,-0.000151
2018-03-13,-0.006180
2018-03-14,-0.004591
2018-03-15,-0.002203
2018-03-16,0.002435
2018-03-19,-0.012909
2018-03-20,0.001338
2018-03-21,0.000421
2018-03-22,-0.023890
2018-03-23,-0.019286
2018-03-26,0.024231
2018-03-27,-0.016562
2018-03-28,-0.002589
2018-03-29,0.013458
2018-04-02,-0.021354
2018-04-03,0.011507
2018-04-04,0.010361
2018-04-05,0.007405
2018-04-06,-0.019971
2018-04-09,0.002849
2018-04-10,0.016406
2018-04-11,-0.003796
2018-04-12,0.006932
2018-04-13,-0.003070
2018-04-16,0.008002
2018-04-17,0.010291
2018-04-18,0.001626
2018-04-19,-0.005395
2018-04-20,-0.007464
2018-04-23,-0.000446
2018-04-24,-0.011375
2018-04-25,0.000773
2018-04-26,0.009015
2018-04-27,0.000715
2018-04-30,-0.007258
2018-05-01,0.002191
2018-05-02,-0.005574
2018-05-03,-0.002256
2018-05-04,0.012299
2018-05-07,0.004128
2018-05-08,0.000407
2018-05-09,0.008609
2018-05-10,0.008627
2018-05-11,0.001549
2018-05-14,0.000775
2018-05-15,-0.005764
2018-05-16,0.004811
2018-05-17,0.000295
2018-05-18,-0.002228
2018-05-21,0.006987
2018-05-22,-0.003453
2018-05-23,0.002289
2018-05-24,-0.001827
2018-05-25,-0.002208
2018-05-29,-0.009951
2018-05-30,0.013096
2018-05-31,-0.006490
2018-06-01,0.009646
2018-06-04,0.004526
2018-06-05,0.001474
2018-06-06,0.007987
2018-06-07,-0.001115
2018-06-08,0.002985
2018-06-11,0.001520
2018-06-12,0.001944
2018-06-13,-0.003612
2018-06-14,0.002641
2018-06-15,-0.001637
2018-06-18,-0.000751
2018-06-19,-0.004079
2018-06-20,0.002734
2018-06-21,-0.006898
2018-06-22,0.002282
2018-06-25,-0.014414
2018-06-26,0.002922
2018-06-27,-0.009748
2018-06-28,0.005631
2018-06-29,0.001584
2018-07-02,0.002185
2018-07-03,-0.002892
2018-07-05,0.008475
2018-07-06,0.008390
2018-07-09,0.008401
2018-07-10,0.002293
2018-07-11,-0.007407
2018-07-12,0.008241
2018-07-13,0.000713
2018-07-16,-0.001830
2018-07-17,0.003883
2018-07-18,0.002471
2018-07-19,-0.002465
2018-07-20,-0.001024
2018-07-23,0.001025
2018-07-24,0.001977
2018-07-25,0.008264
2018-07-26,-0.001558
2018-07-27,-0.007646
2018-07-30,-0.005580
2018-07-31,0.005536
2018-08-01,-0.001296
2018-08-02,0.005511
2018-08-03,0.003274
2018-08-06,0.003857
2018-08-07,0.002255
2018-08-08,-0.000270
2018-08-09,-0.000291
2018-08-10,-0.006335
2018-08-13,-0.004685
2018-08-14,0.006617
2018-08-15,-0.009080
2018-08-16,0.008016
2018-08-17,0.003866
2018-08-20,0.002833
2018-08-21,0.003128
2018-08-22,0.000730
2018-08-23,-0.002437
2018-08-24,0.006245
2018-08-27,0.007157
2018-08-28,0.000006
2018-08-29,0.005183
2018-08-30,-0.004428
2018-08-31,0.000301
2018-09-04,-0.002248
2018-09-05,-0.003502
2018-09-06,-0.003967
2018-09-07,-0.002371
2018-09-10,0.002274
2018-09-11,0.003230
2018-09-12,0.000829
2018-09-13,0.004324
2018-09-14,0.000904
2018-09-17,-0.005975
2018-09-18,0.005494
2018-09-19,0.000524
2018-09-20,0.007850
2018-09-21,-0.001043
2018-09-24,-0.003703
2018-09-25,-0.000509
2018-09-26,-0.004024
2018-09-27,0.002401
2018-09-28,0.000090
2018-10-01,0.001786
2018-10-02,-0.002262
2018-10-03,0.001625
2018-10-04,-0.009310
2018-10-05,-0.006058
2018-10-08,-0.001348
2018-10-09,-0.001788
2018-10-10,-0.031351
2018-10-11,-0.018802
2018-10-12,0.012278
2018-10-15,-0.003655
2018-10-16,0.021470
2018-10-17,-0.001386
2018-10-18,-0.014622
2018-10-19,-0.001816
2018-10-22,-0.003901
2018-10-23,-0.005977
2018-10-24,-0.030628
2018-10-25,0.017448
2018-10-26,-0.015512
2018-10-29,-0.006987
2018-10-30,0.015604
2018-10-31,0.010455
2018-11-01,0.013011
2018-11-02,-0.004779
2018-11-05,0.004439
2018-11-06,0.005704
2018-11-07,0.019256
2018-11-08,-0.002936
2018-11-09,-0.009721
2018-11-12,-0.018878
2018-11-13,-0.001188
2018-11-14,-0.006557
2018-11-15,0.010788
2018-11-16,0.002082
2018-11-19,-0.016575
2018-11-20,-0.017946
2018-11-21,0.006220
2018-11-23,-0.005560
2018-11-26,0.014598
2018-11-27,0.000513
2018-11-28,0.022306
2018-11-29,-0.001759
2018-11-30,0.006818
2018-12-03,0.011443
2018-12-04,-0.031761
2018-12-06,-0.001887
2018-12-07,-0.021063
2018-12-10,-0.000255
2018-12-11,-0.000717
2018-12-12,0.006327
2018-12-13,-0.002157
2018-12-14,-0.017100
2018-12-17,-0.020886
2018-12-18,-0.000164
2018-12-19,-0.014833
2018-12-20,-0.015372
2018-12-21,-0.020591
2018-12-24,-0.024166
2018-12-26,0.046860
2018-12-27,0.006822
2018-12-28,0.000154
2018-12-31,0.008318
2019-01-02,0.001796
2019-01-03,-0.021043
2019-01-04,0.033410
2019-01-07,0.009202
2019-01-08,0.010269
2019-01-09,0.006199
2019-01-10,0.004474
2019-01-11,-0.000152
2019-01-14,-0.005465
2019-01-15,0.009839
2019-01-16,0.003177
2019-01-17,0.007082
2019-01-18,0.012032
2019-01-22,-0.014150
2019-01-23,0.001313
2019-01-24,0.002789
2019-01-25,0.009553
2019-01-28,-0.006493
2019-01-29,-0.000918
2019-01-30,0.014357
2019-01-31,0.008467
2019-02-01,0.001418
2019-02-04,0.006692
2019-02-05,0.004392
2019-02-06,-0.002529
2019-02-07,-0.008815
2019-02-08,0.000651
2019-02-11,0.001262
2019-02-12,0.012367
2019-02-13,0.002782
2019-02-14,-0.001423
2019-02-15,0.010835
2019-02-19,0.002351
2019-02-20,0.002105
2019-02-21,-0.003534
2019-02-22,0.006367
2019-02-25,0.001355
2019-02-26,-0.001496
2019-02-27,0.000503
2019-02-28,-0.002832
2019-03-01,0.006074
2019-03-04,-0.004235
2019-03-05,-0.001320
2019-03-06,-0.007768
2019-03-07,-0.007494
2019-03-08,-0.001900
2019-03-11,0.014348
2019-03-12,0.002743
2019-03-13,0.006419
2019-03-14,-0.000989
2019-03-15,0.004549
2019-03-18,0.004449
2019-03-19,-0.000676
2019-03-20,-0.003146
2019-03-21,0.010294
2019-03-22,-0.020352
2019-03-25,-0.000328
2019-03-26,0.007719
2019-03-27,-0.004686
2019-03-28,0.004111
2019-03-29,0.006019
2019-04-01,0.011239
2019-04-02,-0.000146
2019-04-03,0.002548
2019-04-04,0.001939
2019-04-05,0.005114
2019-04-08,0.001042
2019-04-09,-0.006282
2019-04-10,0.004781
2019-04-11,-0.000123
2019-04-12,0.006427
2019-04-15,-0.001019
2019-04-16,0.000713
2019-04-17,-0.003057
2019-04-18,0.001078
2019-04-22,0.000550
2019-04-23,0.008919
2019-04-24,-0.002067
2019-04-25,-0.001464
2019-04-26,0.005368
2019-04-29,0.001457
2019-04-30,0.000358
2019-05-01,-0.007552
2019-05-02,-0.001670
2019-05-03,0.010903
2019-05-06,-0.003819
2019-05-07,-0.016138
2019-05-08,-0.001604
2019-05-09,-0.002762
2019-05-10,0.004061
2019-05-13,-0.024490
2019-05-14,0.008972
2019-05-15,0.005735
2019-05-16,0.008466
2019-05-17,-0.006777
2019-05-20,-0.006482
2019-05-21,0.008936
2019-05-22,-0.003791
2019-05-23,-0.012685
2019-05-24,0.002769
2019-05-28,-0.007504
2019-05-29,-0.006890
2019-05-30,0.001395
2019-05-31,-0.011731
2019-06-03,-0.002132
2019-06-04,0.020888
2019-06-05,0.006480
2019-06-06,0.005135
2019-06-07,0.009671
2019-06-10,0.004786
2019-06-11,-0.000587
2019-06-12,-0.001895
2019-06-13,0.004882
2019-06-14,-0.002723
2019-06-17,0.001583
2019-06-18,0.009988
2019-06-19,0.003742
2019-06-20,0.008794
2019-06-21,-0.002480
2019-06-24,-0.002898
2019-06-25,-0.008983
2019-06-26,-0.001030
2019-06-27,0.005851
2019-06-28,0.006661
2019-07-01,0.006666
2019-07-02,0.002012
2019-07-03,0.007696
2019-07-05,-0.001125
2019-07-08,-0.005365
2019-07-09,0.001762
2019-07-10,0.004054
2019-07-11,0.001232
2019-07-12,0.004673
2019-07-15,-0.000159
2019-07-16,-0.002952
2019-07-17,-0.005594
2019-07-18,0.003364
2019-07-19,-0.005612
2019-07-22,0.002286
2019-07-23,0.006250
2019-07-24,0.006008
2019-07-25,-0.006384
2019-07-26,0.007304
2019-07-29,-0.002677
2019-07-30,-0.001279
2019-07-31,-0.009979
2019-08-01,-0.009219
2019-08-02,-0.007805
2019-08-05,-0.028423
2019-08-06,0.011900
2019-08-07,0.001289
2019-08-08,0.018530
2019-08-09,-0.007192
2019-08-12,-0.012019
2019-08-13,0.013317
2019-08-14,-0.027826
2019-08-15,0.001777
2019-08-16,0.014891
2019-08-19,0.010675
2019-08-20,-0.006749
2019-08-21,0.007927
2019-08-22,-0.001010
2019-08-23,-0.024254
2019-08-26,0.009977
2019-08-27,-0.003859
2019-08-28,0.006323
2019-08-29,0.012551
2019-08-30,0.000647
2019-09-03,-0.007200
2019-09-04,0.010731
2019-09-05,0.012384
2019-09-06,0.000270
2019-09-09,0.000597
2019-09-10,0.001209
2019-09-11,0.008121
2019-09-12,0.002394
2019-09-13,-0.000402
2019-09-16,-0.001251
2019-09-17,0.002169
2019-09-18,-0.000724
2019-09-19,-0.000145
2019-09-20,-0.004082
2019-09-23,-0.000094
2019-09-24,-0.009181
2019-09-25,0.005652
2019-09-26,-0.003072
2019-09-27,-0.005689
2019-09-30,0.004452
2019-10-01,-0.012535
2019-10-02,-0.016124
2019-10-03,0.007636
2019-10-04,0.012663
2019-10-07,-0.003916
2019-10-08,-0.015075
2019-10-09,0.008366
2019-10-10,0.005609
2019-10-11,0.011399
2019-10-14,-0.001618
2019-10-15,0.009102
2019-10-16,-0.001892
2019-10-17,0.003690
2019-10-18,-0.003714
2019-10-21,0.006672
2019-10-22,-0.003284
2019-10-23,0.002377
2019-10-24,0.002351
2019-10-25,0.004071
2019-10-28,0.005234
2019-10-29,-0.000574
2019-10-30,0.002780
2019-10-31,-0.003480
2019-11-01,0.010212
2019-11-04,0.003762
2019-11-05,-0.001073
2019-11-06,-0.000325
2019-11-07,0.002842
2019-11-08,0.002642
2019-11-11,-0.001637
2019-11-12,0.001141
2019-11-13,0.000337
2019-11-14,0.000987
2019-11-15,0.007074
2019-11-18,0.000148
2019-11-19,0.000027
2019-11-20,-0.002962
2019-11-21,-0.001708
2019-11-22,0.002020
2019-11-25,0.008560
2019-11-26,0.002218
2019-11-27,0.004320
2019-11-29,-0.004045
2019-12-02,-0.008547
2019-12-03,-0.005643
2019-12-04,0.006030
2019-12-05,0.001102
2019-12-06,0.008432
2019-12-09,-0.002700
2019-12-10,-0.000696
2019-12-11,0.002740
2019-12-12,0.007859
2019-12-13,0.000027
2019-12-16,0.007073
2019-12-17,0.000547
2019-12-18,0.000228
2019-12-19,0.004192
2019-12-20,0.004534
2019-12-23,0.000956
2019-12-24,0.000380
2019-12-26,0.004616
2019-12-27,-0.000643
2019-12-30,-0.005105
2019-12-31,0.002964
2020-01-02,0.007412
2020-01-03,-0.005828
2020-01-06,0.003269
2020-01-07,-0.002147
2020-01-08,0.004028
2020-01-09,0.005831
2020-01-10,-0.002578
2020-01-13,0.007077
2020-01-14,-0.000394
2020-01-15,0.001938
2020-01-16,0.008389
2020-01-17,0.002523
2020-01-21,-0.003027
2020-01-22,0.000376
2020-01-23,0.001000
2020-01-24,-0.008836
2020-01-27,-0.014872
2020-01-28,0.009614
2020-01-29,-0.001160
2020-01-30,0.002780
2020-01-31,-0.016642
2020-02-03,0.007562
2020-02-04,0.014853
2020-02-05,0.009336
2020-02-06,0.002601
2020-02-07,-0.005527
2020-02-10,0.006756
2020-02-11,0.003402
2020-02-12,0.006406
2020-02-13,-0.000773
2020-02-14,0.001660
2020-02-18,-0.001944
2020-02-19,0.005179
2020-02-20,-0.002604
2020-02-21,-0.009789
2020-02-24,-0.031760
2020-02-25,-0.029476
2020-02-26,-0.005395
2020-02-27,-0.040987
2020-02-28,-0.008552
2020-03-02,0.040304
2020-03-03,-0.024635
2020-03-04,0.037552
2020-03-05,-0.031529
2020-03-06,-0.017785
2020-03-09,-0.079317
2020-03-10,0.044398
2020-03-11,-0.049958
2020-03-12,-0.096841
2020-03-13,0.085502
2020-03-16,-0.118168
2020-03-17,0.053074
2020-03-18,-0.059610
2020-03-19,0.014319
2020-03-20,-0.037156
2020-03-23,-0.026878
2020-03-24,0.091556
2020-03-25,0.016379
2020-03-26,0.057470
2020-03-27,-0.033038
2020-03-30,0.029038
2020-03-31,-0.012277
2020-04-01,-0.045015
2020-04-02,0.019501
2020-04-03,-0.015754
2020-04-06,0.067894
2020-04-07,0.000476
2020-04-08,0.033821
2020-04-09,0.018252
2020-04-13,-0.010146
2020-04-14,0.028171
2020-04-15,-0.023057
2020-04-16,0.004197
2020-04-17,0.027687
2020-04-20,-0.015553
2020-04-21,-0.029210
2020-04-22,0.021875
2020-04-23,0.001250
2020-04-24,0.013045
2020-04-27,0.017511
2020-04-28,-0.002298
2020-04-29,0.028865
2020-04-30,-0.013076
2020-05-01,-0.028041
2020-05-04,0.004810
2020-05-05,0.008738
2020-05-06,-0.005853
2020-05-07,0.013322
2020-05-08,0.018605
2020-05-11,-0.000441
2020-05-12,-0.020370
2020-05-13,-0.019027
2020-05-14,0.010302
2020-05-15,0.005234
2020-05-18,0.033368
2020-05-19,-0.009706
2020-05-20,0.017387
2020-05-21,-0.006646
2020-05-22,0.002656
2020-05-26,0.014186
2020-05-27,0.014962
2020-05-28,-0.003516
2020-05-29,0.004678
2020-06-01,0.006645
2020-06-02,0.008413
2020-06-03,0.014862
2020-06-04,-0.003038
2020-06-05,0.025002
2020-06-08,0.014235
2020-06-09,-0.009508
2020-06-10,-0.006659
2020-06-11,-0.058203
2020-06-12,0.014074
2020-06-15,0.010691
2020-06-16,0.017647
2020-06-17,-0.004129
2020-06-18,0.001198
2020-06-19,-0.004599
2020-06-22,0.006682
2020-06-23,0.003905
2020-06-24,-0.025737
2020-06-25,0.011260
2020-06-26,-0.022878
2020-06-29,0.014497
2020-06-30,0.014671
2020-07-01,0.004033
2020-07-02,0.005020
2020-07-06,0.014885
2020-07-07,-0.010264
2020-07-08,0.008437
2020-07-09,-0.005703
2020-07-10,0.010386
2020-07-13,-0.011212
2020-07-14,0.013290
2020-07-15,0.011800
2020-07-16,-0.004003
2020-07-17,0.003636
2020-07-20,0.008567
2020-07-21,0.002298
2020-07-22,0.005138
2020-07-23,-0.010909
2020-07-24,-0.006986
2020-07-27,0.009010
2020-07-28,-0.006926
2020-07-29,0.013428
2020-07-30,-0.003768
2020-07-31,0.004524
2020-08-03,0.008692
2020-08-04,0.004528
2020-08-05,0.007526
2020-08-06,0.004654
2020-08-07,0.000244
2020-08-10,0.002652
2020-08-11,-0.007931
2020-08-12,0.012994
2020-08-13,-0.000593
2020-08-14,-0.000669
2020-08-17,0.005019
2020-08-18,0.001404
2020-08-19,-0.004378
2020-08-20,0.002806
2020-08-21,0.001599
2020-08-24,0.008910
2020-08-25,0.003408
2020-08-26,0.008729
2020-08-27,0.001686
2020-08-28,0.006925
2020-08-31,-0.001560
2020-09-01,0.008490
2020-09-02,0.012122
2020-09-03,-0.033998
2020-09-04,-0.008065
2020-09-08,-0.026800
2020-09-09,0.019843
2020-09-10,-0.015557
2020-09-11,-0.000188
2020-09-14,0.015413
2020-09-15,0.005411
2020-09-16,-0.003147
2020-09-17,-0.007869
2020-09-18,-0.008825
2020-09-21,-0.012511
2020-09-22,0.009333
2020-09-23,-0.024029
2020-09-24,0.002036
2020-09-25,0.015674
2020-09-28,0.016584
2020-09-29,-0.004001
2020-09-30,0.006881
2020-10-01,0.007865
2020-10-02,-0.007735
2020-10-05,0.018302
2020-10-06,-0.011910
2020-10-07,0.017039
2020-10-08,0.008516
2020-10-09,0.008550
2020-10-12,0.013469
2020-10-13,-0.004951
2020-10-14,-0.006017
2020-10-15,-0.000777
2020-10-16,-0.000707
2020-10-19,-0.014167
2020-10-20,0.003821
2020-10-21,-0.003440
2020-10-22,0.006130
2020-10-23,0.003817
2020-10-26,-0.018085
2020-10-27,-0.003025
2020-10-28,-0.032808
2020-10-29,0.010473
2020-10-30,-0.013112
2020-11-02,0.012086
2020-11-03,0.018824
2020-11-04,0.019588
2020-11-05,0.021074
2020-11-06,-0.000045
2020-11-09,0.010634
2020-11-10,-0.000557
2020-11-11,0.008042
2020-11-12,-0.009669
2020-11-13,0.013293
2020-11-16,0.012334
2020-11-17,-0.001528
2020-11-18,-0.009049
2020-11-19,0.005837
2020-11-20,-0.004295
2020-11-23,0.007981
2020-11-24,0.015105
2020-11-25,0.000178
2020-11-27,0.003998
2020-11-30,-0.005743
2020-12-01,0.009645
2020-12-02,0.001192
2020-12-03,0.002272
2020-12-04,0.010477
2020-12-07,-0.000220
2020-12-08,0.004283
2020-12-09,-0.009558
2020-12-10,0.002640
2020-12-11,-0.002252
2020-12-14,-0.003267
2020-12-15,0.013083
2020-12-16,0.001387
2020-12-17,0.007947
2020-12-18,-0.002101
2020-12-21,-0.002928
2020-12-22,0.000602
2020-12-23,0.001445
2020-12-24,0.002330
2020-12-28,0.003847
2020-12-29,-0.003652
2020-12-30,0.003291
2020-12-31,0.003558
2021-01-04,-0.013064
2021-01-05,0.009014
2021-01-06,0.008037
2021-01-07,0.016263
2021-01-08,0.004688
2021-01-11,-0.005645
2021-01-12,0.004197
2021-01-13,0.000912
2021-01-14,-0.000047
2021-01-15,-0.008542
2021-01-19,0.008537
2021-01-20,0.012048
2021-01-21,-0.000935
2021-01-22,-0.001461
2021-01-25,0.002429
2021-01-26,-0.002925
2021-01-27,-0.024763
2021-01-28,0.009276
2021-01-29,-0.017643
2021-02-01,0.017251
2021-02-02,0.014014
2021-02-03,0.001354
2021-02-04,0.011293
2021-02-05,0.006078
2021-02-08,0.009781
2021-02-09,0.000958
2021-02-10,-0.000306
2021-02-11,0.001885
2021-02-12,0.004671
2021-02-16,-0.001123
2021-02-17,-0.002344
2021-02-18,-0.006585
2021-02-19,0.002724
2021-02-22,-0.009646
2021-02-23,-0.001282
2021-02-24,0.011298
2021-02-25,-0.026609
2021-02-26,-0.003846
2021-03-01,0.024765
2021-03-02,-0.009017
2021-03-03,-0.014661
2021-03-04,-0.016690
2021-03-05,0.017372
2021-03-08,-0.005877
2021-03-09,0.016852
2021-03-10,0.006778
2021-03-11,0.014170
2021-03-12,0.001509
2021-03-15,0.007061
2021-03-16,-0.004282
2021-03-17,0.003570
2021-03-18,-0.017954
2021-03-19,0.001804
2021-03-22,0.004791
2021-03-23,-0.011993
2021-03-24,-0.009090
2021-03-25,0.006556
2021-03-26,0.015363
2021-03-29,-0.005260
2021-03-30,0.000023
2021-03-31,0.005605
2021-04-01,0.012802
2021-04-05,0.011451
2021-04-06,0.000329
2021-04-07,-0.001475
2021-04-08,0.005892
2021-04-09,0.005508
2021-04-12,-0.000689
2021-04-13,0.003958
2021-04-14,-0.002872
2021-04-15,0.010050
2021-04-16,0.002625
2021-04-19,-0.006927
2021-04-20,-0.009080
2021-04-21,0.011280
2021-04-22,-0.007251
2021-04-23,0.012026
2021-04-26,0.004392
2021-04-27,-0.000236
2021-04-28,0.000142
2021-04-29,0.003534
2021-04-30,-0.008008
2021-05-03,0.002051
2021-05-04,-0.008437
2021-05-05,-0.000050
2021-05-06,0.004793
2021-05-07,0.008673
2021-05-10,-0.012279
2021-05-11,-0.006579
2021-05-12,-0.022536
2021-05-13,0.009761
2021-05-14,0.017585
2021-05-17,-0.001356
2021-05-18,-0.005975
2021-05-19,-0.003798
2021-05-20,0.011154
2021-05-21,-0.000303
2021-05-24,0.009375
2021-05-25,-0.002731
2021-05-26,0.004533
2021-05-27,0.002905
2021-05-28,0.001006
2021-06-01,0.001667
2021-06-02,0.001731
2021-06-03,-0.005216
2021-06-04,0.008419
2021-06-07,0.001642
2021-06-08,0.001769
2021-06-09,-0.002880
2021-06-10,0.004027
2021-06-11,0.003115
2021-06-14,0.001325
2021-06-15,-0.002962
2021-06-16,-0.004693
2021-06-17,-0.001405
2021-06-18,-0.012535
2021-06-21,0.013561
2021-06-22,0.004926
2021-06-23,-0.000137
2021-06-24,0.006528
2021-06-25,0.003216
2021-06-28,0.001063
2021-06-29,-0.000040
2021-06-30,0.000360
2021-07-01,0.004200
2021-07-02,0.005001
2021-07-06,-0.003010
2021-07-07,0.001100
2021-07-08,-0.009006
2021-07-09,0.012887
2021-07-12,0.002173
2021-07-13,-0.005943
2021-07-14,-0.002375
2021-07-15,-0.003905
2021-07-16,-0.007607
2021-07-19,-0.014629
2021-07-20,0.016902
2021-07-21,0.009672
2021-07-22,0.000285
2021-07-23,0.008915
2021-07-26,0.001649
2021-07-27,-0.005939
2021-07-28,0.002969
2021-07-29,0.004547
2021-07-30,-0.005629
2021-08-02,-0.001350
2021-08-03,0.006796
2021-08-04,-0.003965
2021-08-05,0.007173
2021-08-06,0.000825
2021-08-09,-0.000405
2021-08-10,0.000668
2021-08-11,0.002429
2021-08-12,0.001978
2021-08-13,0.000280
2021-08-16,-0.000843
2021-08-17,-0.007821
2021-08-18,-0.008858
2021-08-19,-0.002259
2021-08-20,0.008679
2021-08-23,0.010518
2021-08-24,0.004232
2021-08-25,0.002593
2021-08-26,-0.006469
2021-08-27,0.010965
2021-08-30,0.003027
2021-08-31,-0.001063
2021-09-01,0.001985
2021-09-02,0.004125
2021-09-03,-0.000078
2021-09-07,-0.004163
2021-09-08,-0.003491
2021-09-09,-0.002862
2021-09-10,-0.007309
2021-09-13,0.001957
2021-09-14,-0.006226
2021-09-15,0.008518
2021-09-16,-0.000877
2021-09-17,-0.007397
2021-09-20,-0.018222
2021-09-21,0.000856
2021-09-22,0.009965
2021-09-23,0.012060
2021-09-24,-0.000111
2021-09-27,-0.000980
2021-09-28,-0.020769
2021-09-29,-0.000069
2021-09-30,-0.009500
2021-10-01,0.010643
2021-10-04,-0.012878
2021-10-05,0.009502
2021-10-06,0.002818
2021-10-07,0.009925
2021-10-08,-0.002520
2021-10-11,-0.006344
2021-10-12,0.000236
2021-10-13,0.004802
2021-10-14,0.015965
2021-10-15,0.005721
2021-10-18,0.003275
2021-10-19,0.006813
2021-10-20,0.003892
2021-10-21,0.002944
2021-10-22,-0.001700
2021-10-25,0.005483
2021-10-26,-0.000059
2021-10-27,-0.007541
2021-10-28,0.011248
2021-10-29,0.000973
2021-11-01,0.005685
2021-11-02,0.002035
2021-11-03,0.007317
2021-11-04,0.002951
2021-11-05,0.004007
2021-11-08,0.001985
2021-11-09,-0.002888
2021-11-10,-0.010458
2021-11-11,0.002449
2021-11-12,0.007136
2021-11-15,-0.000328
2021-11-16,0.004036
2021-11-17,-0.004441
2021-11-18,0.000267
2021-11-19,-0.002866
2021-11-22,-0.006220
2021-11-23,-0.000289
2021-11-24,0.003215
2021-11-26,-0.022333
2021-11-29,0.010084
2021-11-30,-0.019130
2021-12-01,-0.015120
2021-12-02,0.015404
2021-12-03,-0.011375
2021-12-06,0.011801
2021-12-07,0.021576
2021-12-08,0.004299
2021-12-09,-0.010779
2021-12-10,0.006154
2021-12-13,-0.009868
2021-12-14,-0.007689
2021-12-15,0.015057
2021-12-16,-0.010042
2021-12-17,-0.006259
2021-12-20,-0.012320
2021-12-21,0.019936
2021-12-22,0.009573
2021-12-23,0.006854
2021-12-27,0.012046
2021-12-28,-0.002438
2021-12-29,0.000553
2021-12-30,-0.000979
2021-12-31,-0.002389
2022-01-03,0.006155
2022-01-04,-0.002351
2022-01-05,-0.021879
2022-01-06,0.000161
2022-01-07,-0.004164
2022-01-10,-0.001893
2022-01-11,0.010905
2022-01-12,0.001817
2022-01-13,-0.014356
2022-01-14,0.000164
2022-01-18,-0.019346
2022-01-19,-0.009368
2022-01-20,-0.010991
2022-01-21,-0.019931
2022-01-24,0.004196
2022-01-25,-0.012440
2022-01-26,-0.003579
2022-01-27,-0.008106
2022-01-28,0.022473
2022-01-31,0.022431
2022-02-01,0.008548
2022-02-02,0.004746
2022-02-03,-0.023331
2022-02-04,0.007243
2022-02-07,-0.001807
2022-02-08,0.009147
2022-02-09,0.016251
2022-02-10,-0.016293
2022-02-11,-0.017672
2022-02-14,-0.004128
2022-02-15,0.017622
2022-02-16,0.000308
2022-02-17,-0.021239
2022-02-18,-0.008297
2022-02-22,-0.011235
2022-02-23,-0.018075
2022-02-24,0.016083
2022-02-25,0.022121
2022-02-28,-0.000365
2022-03-01,-0.015027
2022-03-02,0.017773
2022-03-03,-0.008077
2022-03-04,-0.010171
2022-03-07,-0.029143
2022-03-08,-0.004392
2022-03-09,0.026287
2022-03-10,-0.004184
2022-03-11,-0.013741
2022-03-14,-0.010539
2022-03-15,0.019118
2022-03-16,0.025417
2022-03-17,0.013941
2022-03-18,0.012298
2022-03-21,-0.001730
2022-03-22,0.011770
2022-03-23,-0.011877
2022-03-24,0.013111
2022-03-25,0.003084
2022-03-28,0.006122
2022-03-29,0.014708
2022-03-30,-0.007642
2022-03-31,-0.014539
2022-04-01,0.004477
2022-04-04,0.008315
2022-04-05,-0.014787
2022-04-06,-0.011276
2022-04-07,0.002480
2022-04-08,-0.003214
2022-04-11,-0.014385
2022-04-12,-0.002728
2022-04-13,0.013356
2022-04-14,-0.011685
2022-04-18,-0.002124
2022-04-19,0.016324
2022-04-20,-0.000861
2022-04-21,-0.016871
2022-04-22,-0.026382
2022-04-25,0.005326
2022-04-26,-0.028338
2022-04-27,0.001297
2022-04-28,0.022979
2022-04-29,-0.033543
2022-05-02,0.005966
2022-05-03,0.005109
2022-05-04,0.027983
2022-05-05,-0.036281
2022-05-06,-0.008396
2022-05-09,-0.035487
2022-05-10,0.001277
2022-05-11,-0.017115
2022-05-12,0.001470
2022-05-13,0.026999
2022-05-16,-0.004679
2022-05-17,0.020557
2022-05-18,-0.037661
2022-05-19,-0.002115
2022-05-20,-0.000026
2022-05-23,0.016398
2022-05-24,-0.010605
2022-05-25,0.011199
2022-05-26,0.019776
2022-05-27,0.024482
2022-05-31,-0.006957
2022-06-01,-0.006968
2022-06-02,0.020266
2022-06-03,-0.015360
2022-06-06,0.002954
2022-06-07,0.009806
2022-06-08,-0.010409
2022-06-09,-0.023580
2022-06-10,-0.028242
2022-06-13,-0.040683
2022-06-14,-0.003455
2022-06-15,0.014988
2022-06-16,-0.034246
2022-06-17,0.004000
2022-06-21,0.022508
2022-06-22,-0.002209
2022-06-23,0.009173
2022-06-24,0.029803
2022-06-27,-0.002129
2022-06-28,-0.018708
2022-06-29,-0.002681
2022-06-30,-0.008945
2022-07-01,0.011007
2022-07-05,0.002031
2022-07-06,0.000678
2022-07-07,0.016903
2022-07-08,-0.000824
2022-07-11,-0.013163
2022-07-12,-0.008058
2022-07-13,-0.003428
2022-07-14,-0.005548
2022-07-15,0.018546
2022-07-18,-0.005552
2022-07-19,0.027381
2022-07-20,0.007873
2022-07-21,0.009349
2022-07-22,-0.010469
2022-07-25,0.001988
2022-07-26,-0.011840
2022-07-27,0.025315
2022-07-28,0.012436
2022-07-29,0.013414
2022-08-01,-0.002154
2022-08-02,-0.005244
2022-08-03,0.014969
2022-08-04,-0.000469
2022-08-05,-0.000378
2022-08-08,0.001213
2022-08-09,-0.006349
2022-08-10,0.022615
2022-08-11,-0.000224
2022-08-12,0.016856
2022-08-15,0.002804
2022-08-16,0.001907
2022-08-17,-0.009190
2022-08-18,0.002709
2022-08-19,-0.014640
2022-08-22,-0.020291
2022-08-23,-0.000707
2022-08-24,0.003947
2022-08-25,0.014208
2022-08-26,-0.031867
2022-08-29,-0.006512
2022-08-30,-0.011447
2022-08-31,-0.007189
2022-09-01,-0.001093
2022-09-02,-0.008552
2022-09-06,-0.004937
2022-09-07,0.018279
2022-09-08,0.007387
2022-09-09,0.016682
2022-09-12,0.010793
2022-09-13,-0.040550
2022-09-14,0.003995
2022-09-15,-0.010278
2022-09-16,-0.009523
2022-09-19,0.006945
2022-09-20,-0.012176
2022-09-21,-0.015952
2022-09-22,-0.011461
2022-09-23,-0.019087
2022-09-26,-0.011469
2022-09-27,-0.000730
2022-09-28,0.021612
2022-09-29,-0.020934
2022-09-30,-0.012297
2022-10-03,0.025437
2022-10-04,0.032369
2022-10-05,-0.003162
2022-10-06,-0.009342
2022-10-07,-0.027375
2022-10-10,-0.008193
2022-10-11,-0.006415
2022-10-12,-0.002909
2022-10-13,0.023430
2022-10-14,-0.023710
2022-10-17,0.026731
2022-10-18,0.011592
2022-10-19,-0.008946
2022-10-20,-0.007498
2022-10-21,0.022119
2022-10-24,0.008700
2022-10-25,0.018290
2022-10-26,-0.004575
2022-10-27,-0.004139
2022-10-28,0.021281
2022-10-31,-0.005972
2022-11-01,-0.002194
2022-11-02,-0.025073
2022-11-03,-0.008895
2022-11-04,0.013226
2022-11-07,0.008101
2022-11-08,0.005273
2022-11-09,-0.021136
2022-11-10,0.055288
2022-11-11,0.010538
2022-11-14,-0.009507
2022-11-15,0.010174
2022-11-16,-0.009704
2022-11-17,-0.004122
2022-11-18,0.004185
2022-11-21,-0.004588
2022-11-22,0.013241
2022-11-23,0.005918
2022-11-25,0.000406
2022-11-28,-0.015647
2022-11-29,-0.000744
2022-11-30,0.029413
2022-12-01,0.000229
2022-12-02,-0.000581
2022-12-05,-0.019456
2022-12-06,-0.014051
2022-12-07,-0.001929
2022-12-08,0.007368
2022-12-09,-0.007468
2022-12-12,0.013023
2022-12-13,0.007299
2022-12-14,-0.005473
2022-12-15,-0.024078
2022-12-16,-0.010349
2022-12-19,-0.009614
2022-12-20,0.001879
2022-12-21,0.014642
2022-12-22,-0.014002
2022-12-23,0.005465
2022-12-27,-0.003930
2022-12-28,-0.012364
2022-12-29,0.018339
2022-12-30,-0.002451
2023-01-03,-0.003934
2023-01-04,0.009553
2023-01-05,-0.010970
2023-01-06,0.022257
2023-01-09,0.001059
2023-01-10,0.007317
2023-01-11,0.012571
2023-01-12,0.005718
2023-01-13,0.004322
2023-01-17,-0.001146
2023-01-18,-0.014241
2023-01-19,-0.007486
2023-01-20,0.018067
2023-01-23,0.011763
2023-01-24,-0.001146
2023-01-25,0.000339
2023-01-26,0.010381
2023-01-27,0.003473
2023-01-30,-0.012975
2023-01-31,0.015550
2023-02-01,0.011137
2023-02-02,0.013800
2023-02-03,-0.010632
2023-02-06,-0.007223
2023-02-07,0.011465
2023-02-08,-0.010374
2023-02-09,-0.008850
2023-02-10,0.001496
2023-02-13,0.010859
2023-02-14,0.000941
2023-02-15,0.004435
2023-02-16,-0.012705
2023-02-17,-0.002933
2023-02-21,-0.020457
2023-02-22,-0.000607
2023-02-23,0.004871
2023-02-24,-0.010160
2023-02-27,0.003327
2023-02-28,-0.002576
2023-03-01,-0.003159
2023-03-02,0.006503
2023-03-03,0.015546
2023-03-06,-0.001751
2023-03-07,-0.014599
2023-03-08,0.001270
2023-03-09,-0.019276
2023-03-10,-0.016483
2023-03-13,-0.003098
2023-03-14,0.015863
2023-03-15,-0.009262
2023-03-16,0.016293
2023-03-17,-0.012043
2023-03-20,0.008716
2023-03-21,0.013857
2023-03-22,-0.016420
2023-03-23,0.001793
2023-03-24,0.004737
2023-03-27,0.003207
2023-03-28,-0.000817
2023-03-29,0.013802
2023-03-30,0.005538
2023-03-31,0.014614
2023-04-03,0.003122
2023-04-04,-0.006606
2023-04-05,-0.004045
2023-04-06,0.003105
2023-04-10,0.002154
2023-04-11,0.001796
2023-04-12,-0.003977
2023-04-13,0.012827
2023-04-14,-0.002720
2023-04-17,0.003645
2023-04-18,0.000652
2023-04-19,-0.000454
2023-04-20,-0.005743
2023-04-21,0.000615
2023-04-24,0.000380
2023-04-25,-0.016696
2023-04-26,-0.004091
2023-04-27,0.017335
2023-04-28,0.008072
2023-05-01,-0.000652
2023-05-02,-0.012260
2023-05-03,-0.005189
2023-05-04,-0.006837
2023-05-05,0.018739
2023-05-08,0.000849
2023-05-09,-0.003907
2023-05-10,0.004086
2023-05-11,-0.002566
2023-05-12,-0.001936
2023-05-15,0.005045
2023-05-16,-0.008106
2023-05-17,0.012329
2023-05-18,0.008474
2023-05-19,-0.001860
2023-05-22,0.001904
2023-05-23,-0.010454
2023-05-24,-0.008000
2023-05-25,0.004950
2023-05-26,0.012609
2023-05-30,-0.000231
2023-05-31,-0.005725
2023-06-01,0.010187
2023-06-02,0.016243
2023-06-05,-0.002797
2023-06-06,0.005198
2023-06-07,-0.002027
2023-06-08,0.005210
2023-06-09,0.000099
2023-06-12,0.008520
2023-06-13,0.007513
2023-06-14,0.000057
2023-06-15,0.011708
2023-06-16,-0.003787
2023-06-20,-0.005432
2023-06-21,-0.004712
2023-06-22,0.001811
2023-06-23,-0.008474
2023-06-26,-0.002689
2023-06-27,0.011635
2023-06-28,0.000529
2023-06-29,0.004747
2023-06-30,0.011089
2023-07-03,0.002106
2023-07-05,-0.003315
2023-07-06,-0.009671
2023-07-07,0.000005
2023-07-10,0.004152
2023-07-11,0.007743
2023-07-12,0.007995
2023-07-13,0.009335
2023-07-14,-0.002946
2023-07-17,0.004498
2023-07-18,0.007299
2023-07-19,0.002571
2023-07-20,-0.007185
2023-07-21,0.000069
2023-07-24,0.003274
2023-07-25,0.002308
2023-07-26,0.000800
2023-07-27,-0.007486
2023-07-28,0.010607
2023-07-31,0.003173
2023-08-01,-0.003671
2023-08-02,-0.014385
2023-08-03,-0.002370
2023-08-04,-0.004195
2023-08-07,0.007546
2023-08-08,-0.004756
2023-08-09,-0.006457
2023-08-10,0.000093
2023-08-11,-0.000907
2023-08-14,0.004055
2023-08-15,-0.011781
2023-08-16,-0.007890
2023-08-17,-0.008395
2023-08-18,0.000602
2023-08-21,0.005540
2023-08-22,-0.001892
2023-08-23,0.011033
2023-08-24,-0.012548
2023-08-25,0.007025
2023-08-28,0.007093
2023-08-29,0.013164
2023-08-30,0.003824
2023-08-31,-0.001065
2023-09-01,0.002776
2023-09-05,-0.006126
2023-09-06,-0.006391
2023-09-07,-0.003838
2023-09-08,0.001012
2023-09-11,0.006483
2023-09-12,-0.004766
2023-09-13,0.000004
2023-09-14,0.008997
2023-09-15,-0.010526
2023-09-18,-0.000426
2023-09-19,-0.002634
2023-09-20,-0.008244
2023-09-21,-0.016904
2023-09-22,-0.001881
2023-09-25,0.003394
2023-09-26,-0.014143
2023-09-27,0.001060
2023-09-28,0.006628
2023-09-29,-0.002634
2023-10-02,-0.003498
2023-10-03,-0.014349
2023-10-04,0.007074
2023-10-05,-0.000735
2023-10-06,0.011482
2023-10-09,0.006119
2023-10-10,0.006470
2023-10-11,0.003842
2023-10-12,-0.008455
2023-10-13,-0.005077
2023-10-16,0.010957
2023-10-17,0.001091
2023-10-18,-0.014619
2023-10-19,-0.009180
2023-10-20,-0.012192
2023-10-23,-0.002426
2023-10-24,0.006949
2023-10-25,-0.014673
2023-10-26,-0.009124
2023-10-27,-0.005494
2023-10-30,0.010716
2023-10-31,0.006298
2023-11-01,0.009644
2023-11-02,0.020161
2023-11-03,0.011696
2023-11-06,-0.000779
2023-11-07,0.002356
2023-11-08,-0.000410
2023-11-09,-0.008443
2023-11-10,0.013967
2023-11-13,-0.000330
2023-11-14,0.022835
2023-11-15,0.001954
2023-11-16,-0.001165
2023-11-17,0.003330
2023-11-20,0.007017
2023-11-21,-0.002976
2023-11-22,0.004067
2023-11-24,0.001708
2023-11-27,-0.001845
2023-11-28,0.000919
2023-11-29,0.001088
2023-11-30,0.003964
2023-12-01,0.009185
2023-12-04,-0.003910
2023-12-05,-0.002314
2023-12-06,-0.003536
2023-12-07,0.007286
2023-12-08,0.004188
2023-12-11,0.003614
2023-12-12,0.003096
2023-12-13,0.016198
2023-12-14,0.006922
2023-12-15,-0.001601
2023-12-18,0.003845
2023-12-19,0.007719
2023-12-20,-0.014790
2023-12-21,0.011208
2023-12-22,0.002440
2023-12-26,0.005218
2023-12-27,0.001995
2023-12-28,-0.000108
2023-12-29,-0.004045
